1l7izuv	1	6/63/Khamsa.jpg/960px-Khamsa.jpg
1bpar0p	1	8/86/Istanbul.Sultanahmet.BlueMosque.Ramazan.02.jpg/960px-Istanbul.Sultanahmet.BlueMosque.Ramazan.02.jpg
ipf58z	1	c/c1/Antiquities_of_Samarkand._Mausoleum_of_the_Emir_Timur_Kuragan_%28Gur-Emir%29._Part_of_a_Corner_Column_of_the_Facade_WDL3716.png/960px-Antiquities_of_Samarkand._Mausoleum_of_the_Emir_Timur_Kuragan_%28Gur-Emir%29._Part_of_a_Corner_Column_of_the_Facade_WDL3716.png
1lnd18n	1	1/13/HAC_2010_MEDINE_MESCIDI_NEBEVI_-_panoramio.jpg/960px-HAC_2010_MEDINE_MESCIDI_NEBEVI_-_panoramio.jpg
2lq13k	1	a/a2/%D9%85%D8%AD%D9%85%D8%AF_%D8%A8%D9%86_%D8%A3%D8%A8%D9%8A_%D8%A8%D9%83%D8%B1.png/960px-%D9%85%D8%AD%D9%85%D8%AF_%D8%A8%D9%86_%D8%A3%D8%A8%D9%8A_%D8%A8%D9%83%D8%B1.png
y7sne8	3	3/35/Siyer-i_Nebi_-_Gabriel_-dschabrail-_und_weitere_Engel_unterst%C3%BCtzen_die_Muslime_w%C3%A4hrend_der_Schlacht_von_Badr_%28cropped%29.jpg
acwf2t	1	d/d9/Moses-Saint_Vitale.jpg/960px-Moses-Saint_Vitale.jpg
f3zc4p	1	d/d4/Quba_Mosque_%282024%29.jpg/960px-Quba_Mosque_%282024%29.jpg
1s4odqc	3	7/73/Khadijah.png
1xuhxh6	1	7/70/HRH_Prince_Khaled_bin_Alwaleed_bin_Talal_%287%29.jpg/960px-HRH_Prince_Khaled_bin_Alwaleed_bin_Talal_%287%29.jpg
1t2kjmf	1	b/b5/%D9%82%D8%A8%D8%A9_%D8%A7%D9%84%D8%B5%D8%AE%D8%B1%D8%A9_%D8%A7%D9%84%D9%85%D8%B4%D8%B1%D9%81%D8%A9_%D9%81%D9%8A_%D8%B4%D9%87%D8%B1_%D8%B1%D9%85%D8%B6%D8%A7%D9%86%D8%8C%D9%84%D9%8A%D9%84%D8%A9_%D8%A7%D9%84%D9%82%D8%AF%D8%B1.jpg/960px-%D9%82%D8%A8%D8%A9_%D8%A7%D9%84%D8%B5%D8%AE%D8%B1%D8%A9_%D8%A7%D9%84%D9%85%D8%B4%D8%B1%D9%81%D8%A9_%D9%81%D9%8A_%D8%B4%D9%87%D8%B1_%D8%B1%D9%85%D8%B6%D8%A7%D9%86%D8%8C%D9%84%D9%8A%D9%84%D8%A9_%D8%A7%D9%84%D9%82%D8%AF%D8%B1.jpg
t6vqau	3	5/51/Tomb_of_Abu_Ubaidah_ibn_al-Jarrah_2.jpg
lbv5ob	3	b/b3/Combat_between_Ali_ibn_Abi_Talib_and_Amr_Ben_Wad_near_Medina.JPG
1wf03r7	1	f/f2/The_Amphitheatre_of_Leptis_Magna.jpg/960px-The_Amphitheatre_of_Leptis_Magna.jpg
1di5fe1	1	2/2f/Aban_ibn_Uthman_ibn_Affan_%28A.S.%29.png/960px-Aban_ibn_Uthman_ibn_Affan_%28A.S.%29.png
1vwjazz	1	f/f4/%D8%A7%D9%84%D8%B9%D8%A8%D8%A7%D8%B3_%D8%A8%D9%86_%D8%B9%D8%A8%D8%AF_%D8%A7%D9%84%D9%85%D8%B7%D9%84%D8%A8.png/960px-%D8%A7%D9%84%D8%B9%D8%A8%D8%A7%D8%B3_%D8%A8%D9%86_%D8%B9%D8%A8%D8%AF_%D8%A7%D9%84%D9%85%D8%B7%D9%84%D8%A8.png
1oc9zhq	3	2/2d/%D9%85%D8%B3%D8%AC%D8%AF_%D8%A8%D9%84%D8%A7%D9%84_%D8%A8%D9%86_%D8%B1%D8%A8%D8%A7%D8%AD_%D8%B3%D8%B7%D9%8A%D9%81.jpg
1r9fp46	1	8/86/Istanbul.Sultanahmet.BlueMosque.Ramazan.02.jpg/960px-Istanbul.Sultanahmet.BlueMosque.Ramazan.02.jpg
kbd3b0	1	c/ce/The_Prophet_Sulaiman_%28Solomon_In_Islam%29.png/960px-The_Prophet_Sulaiman_%28Solomon_In_Islam%29.png
1du5kdc	1	6/61/Jakarta_slumhome_2.jpg/960px-Jakarta_slumhome_2.jpg
1av6p0y	1	5/54/Ecl-ann.jpg/960px-Ecl-ann.jpg
1sos0g1	3	2/29/Aisha_bint_Abi_Bakr.png
izswxi	3	4/4a/Muhammad_at_Badr.jpg
1gjskfl	1	7/73/Jaafar_Al-Tayyar.png/960px-Jaafar_Al-Tayyar.png
x7jncg	3	1/1f/Region_of_battle_of_chains-ar.png
1emf91u	1	1/12/The_Prophet_Nuh_%28Noah_In_Islam%29.png/960px-The_Prophet_Nuh_%28Noah_In_Islam%29.png
8w8j9g	1	b/b3/Al_Imran.svg/960px-Al_Imran.svg.png
1o5b0tv	1	f/f4/%D8%A7%D9%84%D8%B9%D8%A8%D8%A7%D8%B3_%D8%A8%D9%86_%D8%B9%D8%A8%D8%AF_%D8%A7%D9%84%D9%85%D8%B7%D9%84%D8%A8.png/960px-%D8%A7%D9%84%D8%B9%D8%A8%D8%A7%D8%B3_%D8%A8%D9%86_%D8%B9%D8%A8%D8%AF_%D8%A7%D9%84%D9%85%D8%B7%D9%84%D8%A8.png
2vxmt7	5	ar/a/a7/%D8%A7%D9%84%D8%A3%D8%B1%D9%82%D9%85_%D8%A8%D9%86_%D8%A3%D8%A8%D9%8A_%D8%A7%D9%84%D8%A3%D8%B1%D9%82%D9%85.png
1h6up96	1	2/25/Sliman_Mansour.jpg/960px-Sliman_Mansour.jpg
18kqinq	1	6/65/The_Name_of_the_Prophet_Isa.png/960px-The_Name_of_the_Prophet_Isa.png
3q1iuc	3	9/99/%D9%85%D9%86%D8%B8%D8%B1_%D8%B9%D8%A7%D9%85_%D9%85%D8%AF%D9%8A%D9%86%D8%A9_%D8%AA%D8%A8%D9%88%D9%83_%D9%8A%D8%B8%D9%87%D8%B1_%D9%81%D9%8A%D9%87_%D8%A7%D9%84%D9%85%D8%AD%D9%83%D9%85%D8%A9_%D9%88%D8%A8%D8%B1%D8%AC_%D8%A7%D9%84%D8%AE%D8%B2%D8%A7%D9%86_2014-06-18_14-51.jpg
ufe35j	1	d/d0/%D8%AE%D8%A7%D8%B1%D8%AC%D8%A9_%D8%A8%D9%86_%D8%B2%D9%8A%D8%AF_%D8%A8%D9%86_%D8%AB%D8%A7%D8%A8%D8%AA.png/960px-%D8%AE%D8%A7%D8%B1%D8%AC%D8%A9_%D8%A8%D9%86_%D8%B2%D9%8A%D8%AF_%D8%A8%D9%86_%D8%AB%D8%A7%D8%A8%D8%AA.png
1vubup5	1	6/6a/Makkah_Montage.jpg/960px-Makkah_Montage.jpg
z2yhq9	3	9/98/Abdullah_of_Saudi_Arabia.jpg
11g060c	1	7/7c/Fatimat_bint_%27asad.png/960px-Fatimat_bint_%27asad.png
5rbeyj	1	1/13/HAC_2010_MEDINE_MESCIDI_NEBEVI_-_panoramio.jpg/960px-HAC_2010_MEDINE_MESCIDI_NEBEVI_-_panoramio.jpg
84g57c	1	2/2b/Cave_Hira.jpg/960px-Cave_Hira.jpg
15od3ft	4	ar/thumb/8/8b/%D8%AC%D8%A8%D8%B1%D9%8A%D9%84.png/960px-%D8%AC%D8%A8%D8%B1%D9%8A%D9%84.png
1lreeu1	3	6/68/%D9%82%D9%86%D8%A7%D8%A9_%D8%A7%D9%82%D8%B1%D8%A3.png
1c7urpp	1	2/29/%D8%B9%D8%A8%D8%AF_%D8%A7%D9%84%D9%85%D8%B7%D9%84%D8%A8_%D8%A8%D9%86_%D9%87%D8%A7%D8%B4%D9%85_IMG_3152.png/960px-%D8%B9%D8%A8%D8%AF_%D8%A7%D9%84%D9%85%D8%B7%D9%84%D8%A8_%D8%A8%D9%86_%D9%87%D8%A7%D8%B4%D9%85_IMG_3152.png
1gbvs3g	3	3/34/%D8%A3%D8%A8%D9%88_%D8%B7%D8%A7%D9%84%D8%A8_%D8%A8%D9%86_%D8%B9%D8%A8%D8%AF_%D8%A7%D9%84%D9%85%D8%B7%D9%84%D8%A8.png
ik8mas	3	2/23/Balami_-_Tarikhnama_-_The_Battle_of_Hunayn_-_The_Prophet%27s_life_is_threatened.jpg
zovhuh	1	6/6c/Mecca_9.jpg/960px-Mecca_9.jpg
1nhfl6e	1	a/a2/%D9%85%D8%AD%D9%85%D8%AF_%D8%A8%D9%86_%D8%A3%D8%A8%D9%8A_%D8%A8%D9%83%D8%B1.png/960px-%D9%85%D8%AD%D9%85%D8%AF_%D8%A8%D9%86_%D8%A3%D8%A8%D9%8A_%D8%A8%D9%83%D8%B1.png
1if6iwq	1	7/73/Jaafar_Al-Tayyar.png/960px-Jaafar_Al-Tayyar.png
okt2kp	1	4/42/Sumaya.png/960px-Sumaya.png
1izb1xm	1	9/9c/%D8%AC%D8%A7%D9%85%D8%B9_%D8%A7%D9%84%D9%82%D8%B5%D9%88%D8%A7%D8%A1_-_%D8%A7%D9%84%D9%85%D9%88%D8%B5%D9%84.jpg/960px-%D8%AC%D8%A7%D9%85%D8%B9_%D8%A7%D9%84%D9%82%D8%B5%D9%88%D8%A7%D8%A1_-_%D8%A7%D9%84%D9%85%D9%88%D8%B5%D9%84.jpg
myve59	3	d/d5/Battle_of_Auhad1-ar.png
1fl11o9	3	e/ec/Suleh_Hudebia.png
i0cuvz	1	c/cb/Lotus_Seven_3S%2C_Radaufh%C3%A4ngung_%282017-06-11_Sp%29.jpg/960px-Lotus_Seven_3S%2C_Radaufh%C3%A4ngung_%282017-06-11_Sp%29.jpg
b1p3pg	3	9/99/%D9%85%D9%86%D8%B8%D8%B1_%D8%B9%D8%A7%D9%85_%D9%85%D8%AF%D9%8A%D9%86%D8%A9_%D8%AA%D8%A8%D9%88%D9%83_%D9%8A%D8%B8%D9%87%D8%B1_%D9%81%D9%8A%D9%87_%D8%A7%D9%84%D9%85%D8%AD%D9%83%D9%85%D8%A9_%D9%88%D8%A8%D8%B1%D8%AC_%D8%A7%D9%84%D8%AE%D8%B2%D8%A7%D9%86_2014-06-18_14-51.jpg
1hc5j2e	5	ar/0/07/Allah-eser-green_New_version.png
5tdy9g	3	4/41/Muhammad_13.jpg
7m0sjk	3	d/d7/%D9%85%D8%B5%D8%B9%D8%A8_%D8%A8%D9%86_%D8%B9%D9%85%D9%8A%D8%B1.png
3t2i9y	1	d/d1/Salman_the_Persian_tomb_in_Ctesiphon_-_Madain_-_Iraq.png/960px-Salman_the_Persian_tomb_in_Ctesiphon_-_Madain_-_Iraq.png
tt1m97	1	d/d1/Salman_the_Persian_tomb_in_Ctesiphon_-_Madain_-_Iraq.png/960px-Salman_the_Persian_tomb_in_Ctesiphon_-_Madain_-_Iraq.png
4234xy	1	d/d9/%D8%B9%D8%A8%D8%AF_%D8%A7%D9%84%D9%84%D9%87_%D8%A8%D9%86_%D8%A7%D9%84%D8%B2%D8%A8%D9%8A%D8%B1_%D8%A7%D9%84%D8%AD%D9%85%D9%8A%D8%AF%D9%8A.png/960px-%D8%B9%D8%A8%D8%AF_%D8%A7%D9%84%D9%84%D9%87_%D8%A8%D9%86_%D8%A7%D9%84%D8%B2%D8%A8%D9%8A%D8%B1_%D8%A7%D9%84%D8%AD%D9%85%D9%8A%D8%AF%D9%8A.png
14qc9g9	3	7/7d/Armah.jpg
j1npxg	1	2/25/Muta-battle-place.jpg/960px-Muta-battle-place.jpg
156z5ex	1	7/70/HRH_Prince_Khaled_bin_Alwaleed_bin_Talal_%287%29.jpg/960px-HRH_Prince_Khaled_bin_Alwaleed_bin_Talal_%287%29.jpg
dhgfes	1	9/9f/SPENCER%281811%29_Year_of_Sorrow.jpg/960px-SPENCER%281811%29_Year_of_Sorrow.jpg
o62rji	3	3/35/Siyer-i_Nebi_-_Gabriel_-dschabrail-_und_weitere_Engel_unterst%C3%BCtzen_die_Muslime_w%C3%A4hrend_der_Schlacht_von_Badr_%28cropped%29.jpg
4sa66v	1	c/cd/Black_flag.svg/960px-Black_flag.svg.png
h3iyc9	1	9/93/Ibn_Ishaq.png/960px-Ibn_Ishaq.png
1tcpmye	3	f/f3/The_Blackstone.jpg
1222k6m	1	8/8b/Muawiyah.png/960px-Muawiyah.png
1i82zyo	1	a/a2/%D9%85%D8%AD%D9%85%D8%AF_%D8%A8%D9%86_%D8%A3%D8%A8%D9%8A_%D8%A8%D9%83%D8%B1.png/960px-%D9%85%D8%AD%D9%85%D8%AF_%D8%A8%D9%86_%D8%A3%D8%A8%D9%8A_%D8%A8%D9%83%D8%B1.png
1626jgr	1	4/4f/Farewell_sermon_from_Ps_Michael_Rafferty_River_of_Life_Church_240_Hamilton_Rd_Chermside_IMGP2428.jpg/960px-Farewell_sermon_from_Ps_Michael_Rafferty_River_of_Life_Church_240_Hamilton_Rd_Chermside_IMGP2428.jpg
dadeiu	3	f/f8/%D8%AD%D9%84%D9%8A%D9%85%D8%A9_%D8%A7%D9%84%D8%B3%D8%B9%D8%AF%D9%8A%D8%A9.jpg
nj31ia	3	f/f1/Young_Muhammad_meets_the_monk_Bahira_-_from_Jami%27_al-Tawarikh.jpg
2mcu9s	3	c/cb/%D9%88%D8%B1%D9%82%D8%A9_%D8%A8%D9%86_%D9%86%D9%88%D9%81%D9%84.jpg
1vimuoa	3	2/2c/Saltweel.jpg
1dbmxk6	1	9/9d/Salah_Zulfikar_1970_%28cropped%29.jpg/960px-Salah_Zulfikar_1970_%28cropped%29.jpg
1blnd5m	1	4/41/%D8%A3%D8%A8%D9%88_%D9%8A%D9%88%D8%B3%D9%81_%D8%A7%D9%84%D8%A5%D8%B3%D8%B1%D8%A7%D8%A6%D9%8A%D9%84%D9%8A_%D8%B9%D8%A8%D8%AF_%D8%A7%D9%84%D9%84%D9%87_%D8%A8%D9%86_%D8%B3%D9%84%D8%A7%D9%85_%D8%A8%D9%86_%D8%A7%D9%84%D8%AD%D8%A7%D8%B1%D8%AB_%D8%B1%D8%B6%D9%8A_%D8%A7%D9%84%D9%84%D9%87_%D8%B9%D9%86%D9%87.png/960px-%D8%A3%D8%A8%D9%88_%D9%8A%D9%88%D8%B3%D9%81_%D8%A7%D9%84%D8%A5%D8%B3%D8%B1%D8%A7%D8%A6%D9%8A%D9%84%D9%8A_%D8%B9%D8%A8%D8%AF_%D8%A7%D9%84%D9%84%D9%87_%D8%A8%D9%86_%D8%B3%D9%84%D8%A7%D9%85_%D8%A8%D9%86_%D8%A7%D9%84%D8%AD%D8%A7%D8%B1%D8%AB_%D8%B1%D8%B6%D9%8A_%D8%A7%D9%84%D9%84%D9%87_%D8%B9%D9%86%D9%87.png
cpe87u	3	6/67/1%D8%B9%D8%B1%D9%88%D8%A9_%D8%A8%D9%86_%D8%A7%D9%84%D8%B2%D8%A8%D9%8A%D8%B1.png
fpv0k	3	e/e4/%D8%A7%D9%84%D9%85%D8%BA%D9%8A%D8%B1%D8%A9_%D8%A8%D9%86_%D8%B4%D8%B9%D8%A8%D8%A9.jpg
1jk09ks	3	5/59/East_Prussia_1939.JPG
1jj64af	1	3/3c/SpringOffensiveItaly1945.jpg/960px-SpringOffensiveItaly1945.jpg
eva7u5	3	0/0c/Fatih_Sultan_Mehmed_Han_-_%D8%A7%D9%84%D8%B3%D9%84%D8%B7%D8%A7%D9%86_%D9%85%D8%AD%D9%85%D8%AF_%D8%AE%D8%A7%D9%86_%D8%A7%D9%84%D9%81%D8%A7%D8%AA%D8%AD.jpg
1eg6k5s	1	a/af/All_Gizah_Pyramids.jpg/960px-All_Gizah_Pyramids.jpg
1g184ac	1	5/50/%D8%A3%D8%AD%D9%85%D8%AF_%D9%83%D9%85%D8%A7%D9%84_%D8%B2%D9%83%D9%8A_%D9%85%D8%A7%D8%AC%D8%AF_%D8%A7%D9%84%D8%B4%D8%A8%D9%84_%D8%A3%D9%85%D9%8A%D8%B1%D8%A9_%D8%A7%D9%84%D8%BA%D9%88%D8%B1_%D9%85%D8%AD%D9%85%D8%AF_%D9%83%D9%85%D8%A7%D9%84_%D8%B9%D8%A7%D9%85_1961.jpg/960px-%D8%A3%D8%AD%D9%85%D8%AF_%D9%83%D9%85%D8%A7%D9%84_%D8%B2%D9%83%D9%8A_%D9%85%D8%A7%D8%AC%D8%AF_%D8%A7%D9%84%D8%B4%D8%A8%D9%84_%D8%A3%D9%85%D9%8A%D8%B1%D8%A9_%D8%A7%D9%84%D8%BA%D9%88%D8%B1_%D9%85%D8%AD%D9%85%D8%AF_%D9%83%D9%85%D8%A7%D9%84_%D8%B9%D8%A7%D9%85_1961.jpg
1tb0xbl	1	b/b6/Gilbert_Stuart_Williamstown_Portrait_of_George_Washington.jpg/960px-Gilbert_Stuart_Williamstown_Portrait_of_George_Washington.jpg
d8t7jb	1	f/f2/Californian.jpg/960px-Californian.jpg
cd38os	3	0/05/Ridolfo_del_Ghirlandaio_-_Ritratto_di_Cristoforo_Colombo_%281520%29.jpg
1nlepj1	1	c/c5/Morocco_Africa_Flickr_Rosino_December_2005_84514010_edited_by_Buchling.jpg/960px-Morocco_Africa_Flickr_Rosino_December_2005_84514010_edited_by_Buchling.jpg
9grqpo	1	4/4d/Yuri_Gagarin_portrait.png/960px-Yuri_Gagarin_portrait.png
17tf1id	3	5/53/Campaign_Ain_Galut-ar.png
1wakle2	3	7/71/Saladin%27s_imaginary_portrait.jpg
mvkstf	3	2/22/Hattin_Estoire_d%27Eracles.jpg
h2z5le	3	f/f8/A._de_Froe_-_Anthropologische_Untersuchung_der_sogenannten_portugiesische_Juden_in_den_Niederlanden_-_1943.jpg
1fzzppr	1	2/20/Umayyad_Flag.svg/960px-Umayyad_Flag.svg.png
13feh7n	1	8/85/Bagdad1258.jpg/960px-Bagdad1258.jpg
14qebp9	1	0/0d/Neil_Armstrong_pose.jpg/960px-Neil_Armstrong_pose.jpg
14gh21x	3	1/1c/West_and_East_Germans_at_the_Brandenburg_Gate_in_1989.jpg
doxbgq	3	8/8b/Painting_of_Napoleon_Bonaparte_by_Jacques-Louis_David%2C_1813.jpg
11ka6e6	1	c/c0/Sultan_Gazi_%CA%BBUthm%C4%81n_Han_I_-_%D8%A7%D9%84%D8%B3%D9%8F%D9%84%D8%B7%D8%A7%D9%86_%D8%A7%D9%84%D8%BA%D8%A7%D8%B2%D9%8A_%D8%B9%D9%8F%D8%AB%D9%85%D8%A7%D9%86_%D8%AE%D8%A7%D9%86_%D8%A7%D9%84%D8%A3%D9%88%D9%8E%D9%91%D9%84.png/960px-Sultan_Gazi_%CA%BBUthm%C4%81n_Han_I_-_%D8%A7%D9%84%D8%B3%D9%8F%D9%84%D8%B7%D8%A7%D9%86_%D8%A7%D9%84%D8%BA%D8%A7%D8%B2%D9%8A_%D8%B9%D9%8F%D8%AB%D9%85%D8%A7%D9%86_%D8%AE%D8%A7%D9%86_%D8%A7%D9%84%D8%A3%D9%88%D9%8E%D9%91%D9%84.png
1l4ulqo	3	1/1f/Region_of_battle_of_chains-ar.png
jq2p25	3	7/7b/Th%C3%A9odore_Chass%C3%A9riau_-_Arab_combat.jpg
ik5l53	3	d/db/%E1%B9%AC%C4%81riq_ibn_Ziy%C4%81d%2C_Sayr_mulhimah_min_al-Sharq_wa-al-Gharb.png
5so6bu	3	7/71/Saladin%27s_imaginary_portrait.jpg
ws0p14	3	6/6b/Opening_of_the_Estates_General_at_Versailles_on_5th_May_1789.jpg
1sg1u3t	1	c/c0/Sumer_Detailed.png/960px-Sumer_Detailed.png
1xjdpdi	1	9/94/P1050763_Louvre_code_Hammurabi_face_rwk-gradient.jpg/960px-P1050763_Louvre_code_Hammurabi_face_rwk-gradient.jpg
o6b57v	1	a/a3/Ibn_Saud.png/960px-Ibn_Saud.png
1wb9xp8	1	3/3c/SpringOffensiveItaly1945.jpg/960px-SpringOffensiveItaly1945.jpg
95lzxt	3	a/ad/Nazi-Soviet_1941.png
1x03aaq	3	1/1f/Region_of_battle_of_chains-ar.png
1roxt2f	3	0/01/Al-Ma%CA%BEm%C5%ABn.png
h6wrrn	1	5/55/Central_Public_Library_of_Kirkuk%2CIraq_01.jpg/960px-Central_Public_Library_of_Kirkuk%2CIraq_01.jpg
r93h5u	1	d/d9/Fall_Of_Baghdad_%28Diez_Albums%29.jpg/960px-Fall_Of_Baghdad_%28Diez_Albums%29.jpg
1aupric	3	2/21/Hulagu_1.jpg
e0g9sl	3	0/03/Sykes_picot_ar.jpg
pnalt4	1	7/76/Greek_Revival_style_house%2C_Rockville%2C_MD%2C_1847_and_1893_-_Q7986018.jpg/960px-Greek_Revival_style_house%2C_Rockville%2C_MD%2C_1847_and_1893_-_Q7986018.jpg
1qlxjqg	1	6/62/Expansion_of_the_Mongol_Empire_1206%E2%80%931294.gif/960px-Expansion_of_the_Mongol_Empire_1206%E2%80%931294.gif
1g6e0to	1	3/33/Gutenberg.jpg/960px-Gutenberg.jpg
13nu7vs	1	7/74/University_of_Al_Qaraouiyine.jpg/960px-University_of_Al_Qaraouiyine.jpg
1hui3od	1	3/32/%D8%AA%D8%AE%D8%B7%D9%8A%D8%B7_%D9%83%D9%84%D9%85%D8%A9_%D8%AD%D9%81%D8%B5%D8%A9_%D8%A8%D9%86%D8%AA_%D8%B9%D9%85%D8%B1.png/960px-%D8%AA%D8%AE%D8%B7%D9%8A%D8%B7_%D9%83%D9%84%D9%85%D8%A9_%D8%AD%D9%81%D8%B5%D8%A9_%D8%A8%D9%86%D8%AA_%D8%B9%D9%85%D8%B1.png
1k3o4m5	1	8/86/Muslim_Conquest-ar.png/960px-Muslim_Conquest-ar.png
1ejdttl	1	e/ee/Melqart_god_of_the_Phoenician_city_of_Tyre.jpg/960px-Melqart_god_of_the_Phoenician_city_of_Tyre.jpg
12tgheu	3	5/5f/Nebukadnessar_II.jpg
1obcc01	1	1/1d/Hundred_years_war_collage.jpg/960px-Hundred_years_war_collage.jpg
1r7iro8	1	a/a4/Bust_of_Ibn_Battuta_at_Ibn_Battuta_museum.jpg/960px-Bust_of_Ibn_Battuta_at_Ibn_Battuta_museum.jpg
1fy54db	3	9/90/Ibn_Khald%C5%ABn%2C_Sayr_mulhimah_min_al-Sharq_wa-al-Gharb.png
qesskw	1	a/a7/Az_arab_magyar_filmplak%C3%A1t_%28Nemes_Gy%C3%B6rgy%2C_1924%29.jpg/960px-Az_arab_magyar_filmplak%C3%A1t_%28Nemes_Gy%C3%B6rgy%2C_1924%29.jpg
gwrqz0	1	9/9e/Suntur_Paucar.svg/960px-Suntur_Paucar.svg.png
nx2era	3	3/33/Rienksz-boekwinkel.png
1wasbk1	3	a/ae/Carandache_Ecridor.jpg
5d5qpa	1	8/88/Julodella_globithorax_%28Steven%2C_1830%29.png/960px-Julodella_globithorax_%28Steven%2C_1830%29.png
1e6jzya	3	a/a2/Aqa_Mirza_Hasan_Khan_Badi%27_%28BW%29.jpg
16zp2ad	1	c/ce/CholeraToxin.png/960px-CholeraToxin.png
fyb0uj	3	d/dd/Moatasem_al-Nahar%2C_MTV_Lebanon_-_Mar_10%2C_2020.jpg
1ubgllj	1	f/f9/Biotin_structure_JA.png/960px-Biotin_structure_JA.png
1ndsh7y	3	e/e7/HS-%D8%A3-_Arabic.png
1fknjz	1	c/ca/%D9%85%D8%AE%D8%B7%D9%88%D8%B7%D8%A9_%D8%A7%D9%84%D9%81%D8%B9%D9%84.png/960px-%D9%85%D8%AE%D8%B7%D9%88%D8%B7%D8%A9_%D8%A7%D9%84%D9%81%D8%B9%D9%84.png
yvr1xe	1	4/4d/%D8%B9%D9%84%D9%88%D9%85_%D8%A7%D9%84%D9%84%D8%BA%D8%A9_%D8%A7%D9%84%D8%B9%D8%B1%D8%A8%D9%8A%D8%A9_%D8%A3%D9%8A%D9%82%D9%88%D9%86%D8%A9.png/960px-%D8%B9%D9%84%D9%88%D9%85_%D8%A7%D9%84%D9%84%D8%BA%D8%A9_%D8%A7%D9%84%D8%B9%D8%B1%D8%A8%D9%8A%D8%A9_%D8%A3%D9%8A%D9%82%D9%88%D9%86%D8%A9.png
16sbxnf	3	2/28/Marcus_Elieser_Bloch.jpg
189oshu	1	7/72/GCHQ-aerial.jpg/960px-GCHQ-aerial.jpg
3ksvpj	1	c/cf/First_Tests_for_the_VERITAS%27_Venus_Interferometric_Synthetic_Aperture_Radar_%28PIA25832_figA%29.jpg/960px-First_Tests_for_the_VERITAS%27_Venus_Interferometric_Synthetic_Aperture_Radar_%28PIA25832_figA%29.jpg
1xftx2l	1	9/90/%D8%A3%D9%85%D9%8A%D8%B1_%D8%A7%D9%84%D9%85%D8%A4%D9%85%D9%86%D9%8A%D9%86_%D8%A3%D8%A8%D9%8A_%D9%85%D8%AD%D9%85%D8%AF_%D8%A7%D9%84%D8%AD%D8%B3%D9%86_%D8%A8%D9%86_%D8%A7%D9%84%D8%AD%D8%B3%D9%86_%D8%A8%D9%86_%D8%B9%D9%84%D9%8A_%D8%A8%D9%86_%D8%A3%D8%A8%D9%8A_%D8%B7%D8%A7%D9%84%D8%A8_%D8%A7%D9%84%D9%81%D8%A7%D8%B7%D9%85%D9%8A_%D8%A7%D9%84%D8%B9%D9%84%D9%88%D9%8A_%D8%A7%D9%84%D9%87%D8%A7%D8%B4%D9%85%D9%8A_%D8%A7%D9%84%D9%82%D8%B1%D8%B4%D9%8A.png/960px-thumbnail.png
1od0juw	1	1/1d/%D8%A8%D8%AD%D8%B1_%D8%A7%D9%84%D8%B7%D9%88%D9%8A%D9%84.svg/960px-%D8%A8%D8%AD%D8%B1_%D8%A7%D9%84%D8%B7%D9%88%D9%8A%D9%84.svg.png
vii5xa	3	4/4e/Al-Mutanabbi_by_Kahlil_Gibran.png
koey47	3	6/6e/Lisan_al_arab_by_Ibn_Manzur.jpg
7674qs	3	1/1c/Ahmad_shawqy.jpg
vj26gp	3	e/e5/Piano_keyboard.JPG
3ft607	3	4/4e/%D8%A5%D8%B9%D8%B1%D8%A7%D8%A8_%D8%A7%D9%84%D9%85%D8%B9%D9%84%D9%82%D8%A7%D8%AA_%D8%A7%D9%84%D8%B3%D8%A8%D8%A8%D8%B9.jpg
151ykqt	3	1/1b/%D8%A3%D8%A8%D9%88_%D8%A7%D9%84%D8%A3%D8%B3%D9%88%D8%AF_%D8%A7%D9%84%D8%AF%D8%A4%D9%84%D9%8A.png
1cm8iq2	1	f/f5/%D9%81%D8%B1%D8%A7%D9%87%D9%8A%D8%AF%D9%8A.jpg/960px-%D9%81%D8%B1%D8%A7%D9%87%D9%8A%D8%AF%D9%8A.jpg
1sah50c	1	3/36/Old_Arabic_Books.jpg/960px-Old_Arabic_Books.jpg
1pp1h0i	1	8/8b/Imru_al-Qays.png/960px-Imru_al-Qays.png
zgef8h	1	b/b3/Collective_noun_for_curlew%3F.jpg/960px-Collective_noun_for_curlew%3F.jpg
88sfw1	3	f/f0/Zuhayr_bin_Abi_Sulma%2C_sketch%2C_1967.jpg
11qxwiz	1	8/8e/%D9%85%D8%B9%D8%A7%D9%84%D9%85_%D8%A7%D9%84%D8%A8%D9%84%D8%A7%D8%BA%D8%A9_%D8%A7%D9%84%D8%B9%D8%B1%D8%A8%D9%8A%D8%A9.svg/960px-%D9%85%D8%B9%D8%A7%D9%84%D9%85_%D8%A7%D9%84%D8%A8%D9%84%D8%A7%D8%BA%D8%A9_%D8%A7%D9%84%D8%B9%D8%B1%D8%A8%D9%8A%D8%A9.svg.png
b42yna	3	8/85/Al-Ma%CA%BFarri_by_Khalil_Gibran_%28cropped%29.png
18sgjfz	1	e/e3/Costantinopoli%2C_aristotele%2C_historia_animalium_e_altri_scritti%2C_xii_sec.%2C_pluteo_87%2C4.JPG/960px-Costantinopoli%2C_aristotele%2C_historia_animalium_e_altri_scritti%2C_xii_sec.%2C_pluteo_87%2C4.JPG
8hwbz7	3	b/ba/%DB%94%D8%B7%D9%88%D8%B7%DB%81_%DA%A9%D8%A7%D9%86_%D8%AD%D8%B5%D8%A7%D8%B1%D8%A8%D8%A7%D8%A8%D8%A7Totakan_Hisar_Baba.jpg
fa8pty	3	c/ce/FormingTrivalentVerbsFromIntransitiveVerbs.png
75yyfh	1	6/65/%D8%B4%D8%B1%D8%AD_%D8%A3%D9%84%D9%81%D9%8A%D8%A9_%D8%A7%D8%A8%D9%86_%D9%85%D8%A7%D9%84%D9%83.jpg/960px-%D8%B4%D8%B1%D8%AD_%D8%A3%D9%84%D9%81%D9%8A%D8%A9_%D8%A7%D8%A8%D9%86_%D9%85%D8%A7%D9%84%D9%83.jpg
1fgyk53	1	1/1d/%D8%A8%D8%AD%D8%B1_%D8%A7%D9%84%D8%B7%D9%88%D9%8A%D9%84.svg/960px-%D8%A8%D8%AD%D8%B1_%D8%A7%D9%84%D8%B7%D9%88%D9%8A%D9%84.svg.png
bow9ok	5	ar/0/07/Allah-eser-green_New_version.png
t58qyx	3	9/92/%D8%A7%D8%AD%D8%AF_%D8%A7%D9%84%D9%85%D9%82%D8%A7%D9%85%D8%A7%D8%AA_%D9%81%D9%8A_%D9%85%D8%B5%D8%B1.jpg
dy6218	1	1/1c/Masmak.JPG/960px-Masmak.JPG
vqnue0	1	7/72/Cairo_Opera_House%2C_Al_Hurriyah_Park_and_the_Nile_river_%2814797782354%29.jpg/960px-Cairo_Opera_House%2C_Al_Hurriyah_Park_and_the_Nile_river_%2814797782354%29.jpg
15zvy07	3	9/97/Kuwait_montage.png
1sw48ez	1	9/95/%D0%90%D0%B1%D1%83-%D0%94%D0%B0%D0%B1%D0%B8_%28Abu_Dhabi%29_-_panoramio_%281%29.jpg/960px-%D0%90%D0%B1%D1%83-%D0%94%D0%B0%D0%B1%D0%B8_%28Abu_Dhabi%29_-_panoramio_%281%29.jpg
2xgzq4	1	c/c2/Ankara_2016_genel_kolaj%C4%B1.jpg/960px-Ankara_2016_genel_kolaj%C4%B1.jpg
97w7av	1	b/bf/India_Gate_Legendary_Saga_Of_Supreme_Sacrifice.jpg/960px-India_Gate_Legendary_Saga_Of_Supreme_Sacrifice.jpg
ddz7gj	1	8/8a/Skyline_of_Beijing_CBD_from_the_southeast_%2820210907094201%29.jpg/960px-Skyline_of_Beijing_CBD_from_the_southeast_%2820210907094201%29.jpg
1u5emqd	3	b/bf/Tokyo_Montage_2015.jpg
1gjomo6	1	8/85/Saint_Basil%27s_Cathedral_and_the_Red_Square.jpg/960px-Saint_Basil%27s_Cathedral_and_the_Red_Square.jpg
1rjn4y5	1	8/83/Cityscape_Berlin.jpg/960px-Cityscape_Berlin.jpg
1n4n7it	1	4/4b/La_Tour_Eiffel_vue_de_la_Tour_Saint-Jacques%2C_Paris_ao%C3%BBt_2014_%282%29.jpg/960px-La_Tour_Eiffel_vue_de_la_Tour_Saint-Jacques%2C_Paris_ao%C3%BBt_2014_%282%29.jpg
cdf28t	1	f/f5/Rome_Skyline_%288012016319%29.jpg/960px-Rome_Skyline_%288012016319%29.jpg
as50eq	1	e/e6/CollageMadrid.jpg/960px-CollageMadrid.jpg
1lsm9qb	1	6/67/London_Skyline_%28125508655%29.jpeg/960px-London_Skyline_%28125508655%29.jpeg
7dikbw	1	b/b6/Gilbert_Stuart_Williamstown_Portrait_of_George_Washington.jpg/960px-Gilbert_Stuart_Williamstown_Portrait_of_George_Washington.jpg
wxcdpo	1	e/ed/Ottawa%2C_Ohio.jpg/960px-Ottawa%2C_Ohio.jpg
esstdi	1	2/2d/Planalto_Central_%28cropped%29.jpg/960px-Planalto_Central_%28cropped%29.jpg
1f1qeyx	1	a/a2/Canberra_from_Mt_Ainslie_%285642431515%29.jpg/960px-Canberra_from_Mt_Ainslie_%285642431515%29.jpg
js536g	1	8/86/Doha_skyline_in_the_morning_%2812544910974%29.jpg/960px-Doha_skyline_in_the_morning_%2812544910974%29.jpg
hrqkie	1	2/2d/Manama%2C_Bahrain_Decembre_2014.jpg/960px-Manama%2C_Bahrain_Decembre_2014.jpg
nw60rh	3	a/a9/MuscatRoadGate.jpg
zgrwr2	1	d/dd/Sanaa_HDR_%2816482367935%29.jpg/960px-Sanaa_HDR_%2816482367935%29.jpg
lea7ib	1	8/85/Bagdad1258.jpg/960px-Bagdad1258.jpg
10t45rs	1	4/44/AMMAN_2.jpg/960px-AMMAN_2.jpg
1e6i0s2	1	c/ce/Beirut_close_to_plane_descent.jpg/960px-Beirut_close_to_plane_descent.jpg
1qei58b	1	e/ee/Umayyad_Mosque_night.jpg/960px-Umayyad_Mosque_night.jpg
521i2e	1	c/c2/Jerusalem_Dome_of_the_rock_BW_14.JPG/960px-Jerusalem_Dome_of_the_rock_BW_14.JPG
14dukse	3	3/33/MontageTunis.jpg
cxliw6	1	2/28/%D8%A7%D9%84%D8%A8%D8%B1%D9%8A%D8%AF_%D8%A7%D9%84%D9%85%D8%B1%D9%83%D8%B2%D9%8A_-_%D8%A7%D9%84%D8%AC%D8%B2%D8%A7%D8%A6%D8%B1.jpg/960px-%D8%A7%D9%84%D8%A8%D8%B1%D9%8A%D8%AF_%D8%A7%D9%84%D9%85%D8%B1%D9%83%D8%B2%D9%8A_-_%D8%A7%D9%84%D8%AC%D8%B2%D8%A7%D8%A6%D8%B1.jpg
18352zv	1	1/18/Morocco_-_Rabat_%2831387775324%29.jpg/960px-Morocco_-_Rabat_%2831387775324%29.jpg
9vjdb9	3	2/2b/Towers_in_Tehran_City_at_night.jpg
16t18wu	1	0/05/Faisal_mosque2.jpg/960px-Faisal_mosque2.jpg
17ux6t6	1	8/88/%EB%8D%95%EC%88%98%EA%B6%81%EC%9D%98_%EA%B0%80%EC%9D%84.jpg/960px-%EB%8D%95%EC%88%98%EA%B6%81%EC%9D%98_%EA%B0%80%EC%9D%84.jpg
15k6tj6	3	f/ff/Kuala_Lumpur_with_Petronas_Towers.jpg
w9lxrk	3	e/ec/Lisbon_set_of_images.jpg
v7sah8	1	a/af/Amsterdam_airphoto.jpg/960px-Amsterdam_airphoto.jpg
l6l599	3	7/75/Bern_luftaufnahme.png
1kaok3	1	6/65/Akropolis_2015.jpg/960px-Akropolis_2015.jpg
a8scfi	1	e/e7/Sobrevuelos_CDMX_HJ2A5091_%2840386338731%29.jpg/960px-Sobrevuelos_CDMX_HJ2A5091_%2840386338731%29.jpg
1xz8cdu	1	b/b7/Vista_a%C3%A9rea_de_la_Plaza_del_Congreso_10.jpg/960px-Vista_a%C3%A9rea_de_la_Plaza_del_Congreso_10.jpg
1n8qjaw	3	5/5b/Khartoum.jpg
1549t5f	1	b/bf/Tripoli_Central_Business_District_from_Oea_Park.JPG/960px-Tripoli_Central_Business_District_from_Oea_Park.JPG
az8dt8	1	9/98/Jakarta.jpg/960px-Jakarta.jpg
1qnsqqe	1	2/20/Temple_of_the_Emerald_of_buddha_or_Wat_Phra_Kaew_%28cropped%29.jpg/960px-Temple_of_the_Emerald_of_buddha_or_Wat_Phra_Kaew_%28cropped%29.jpg
1hucpf7	1	8/8a/Manila_Folders.jpg/960px-Manila_Folders.jpg
1iyn2v9	3	4/43/Kabul%2C_Afghanistan_view.jpg
dksyfb	3	c/c6/TE-Collage_Brussels.png
1t7xy3m	1	1/1f/Wien_katedra_sw_Szczepana_widok_z_wiezy_6.jpg/960px-Wien_katedra_sw_Szczepana_widok_z_wiezy_6.jpg
tg0ksl	1	c/c3/Stockholm.jpg/960px-Stockholm.jpg
1s7jvsc	3	9/9c/TE-Collage_Oslo.png
1y21p4b	1	e/e1/Hours_of_daylight_vs_latitude_vs_day_of_year_cmglee.svg/960px-Hours_of_daylight_vs_latitude_vs_day_of_year_cmglee.svg.png
1ra6zeh	1	1/19/Meftah_city%2C_Blida_Province_%28Algeria%29.jpg/960px-Meftah_city%2C_Blida_Province_%28Algeria%29.jpg
1xk3nr8	1	d/d6/Gallo_di_Ramperto1.jpg/960px-Gallo_di_Ramperto1.jpg
o0h3n3	3	2/28/RGB_illumination.jpg
fb67fi	3	c/c4/Pacific_Ocean.png
11q3qcg	1	a/a7/Sahara_satellite_hires.jpg/960px-Sahara_satellite_hires.jpg
xug38w	1	b/b8/Kremlevskaya_Naberezhnaja_Moscow.hires.jpg/960px-Kremlevskaya_Naberezhnaja_Moscow.hires.jpg
14cb1mj	1	1/1d/The_Nile_River_at_Cairo.jpg/960px-The_Nile_River_at_Cairo.jpg
132fboj	1	c/c6/Primemeridian.jpg/960px-Primemeridian.jpg
p87210	1	d/d1/Mount_Everest_as_seen_from_Drukair2_PLW_edit.jpg/960px-Mount_Everest_as_seen_from_Drukair2_PLW_edit.jpg
2ft0gs	1	a/ae/Heads_of_State_of_Caspian_littoral_states_made_press_statements_at_Aktau_Summit_6.jpg/960px-Heads_of_State_of_Caspian_littoral_states_made_press_statements_at_Aktau_Summit_6.jpg
1fz6bmk	1	8/8f/EU_%40_G7_Summit_2024_-_Family_photo_%2806%29_%28cropped%29.jpg/960px-EU_%40_G7_Summit_2024_-_Family_photo_%2806%29_%28cropped%29.jpg
1fajc36	1	5/58/%D8%AA%D8%A7%D8%A8%D8%B4_%D8%A2%D9%81%D8%AA%D8%A7%D8%A8_%D8%A7%D8%B2_%D8%A8%DB%8C%D9%86_%D8%A7%D8%A8%D8%B1%D9%87%D8%A7_-_panoramio.jpg/960px-%D8%AA%D8%A7%D8%A8%D8%B4_%D8%A2%D9%81%D8%AA%D8%A7%D8%A8_%D8%A7%D8%B2_%D8%A8%DB%8C%D9%86_%D8%A7%D8%A8%D8%B1%D9%87%D8%A7_-_panoramio.jpg
i1g1rw	1	4/4f/Greenland_42.74746W_71.57394N.jpg/960px-Greenland_42.74746W_71.57394N.jpg
zshdwp	1	4/4d/The_Great_pyramids.jpg/960px-The_Great_pyramids.jpg
1dpz35l	1	9/91/Winkel_triple_projection_SW.jpg/960px-Winkel_triple_projection_SW.jpg
1kabrw7	1	9/91/Winkel_triple_projection_SW.jpg/960px-Winkel_triple_projection_SW.jpg
1hiqvjo	1	9/91/Winkel_triple_projection_SW.jpg/960px-Winkel_triple_projection_SW.jpg
oxtad9	1	2/27/Red_Sea_37.95521E_21.41271N.jpg/960px-Red_Sea_37.95521E_21.41271N.jpg
twbkzv	1	7/78/EG-suez-20-bg-suez.jpg/960px-EG-suez-20-bg-suez.jpg
heo7lp	3	5/55/Panama_Scandal_caricature.jpg
12obfma	1	7/73/Quepiaco_%2833021024455%29.jpg/960px-Quepiaco_%2833021024455%29.jpg
br6mm6	1	7/72/Metropolitian_Istanbul_-_Landscapes_of_Turkey_12.jpg/960px-Metropolitian_Istanbul_-_Landscapes_of_Turkey_12.jpg
l96icx	1	4/4c/Bab_el_Mandeb_NAS-AR_description.png/960px-Bab_el_Mandeb_NAS-AR_description.png
1eqa16e	1	4/43/Pitaya_cross_section_ed2.jpg/960px-Pitaya_cross_section_ed2.jpg
1021yog	1	9/91/Winkel_triple_projection_SW.jpg/960px-Winkel_triple_projection_SW.jpg
750tqp	3	f/f6/Amazon_rainforest.jpg
wnkdxh	1	e/e4/President_Bush_creates_Three_Pacific_Marine_Monuments.jpg/960px-President_Bush_creates_Three_Pacific_Marine_Monuments.jpg
z3h7dm	1	8/8e/Tullamarine_International_terminal_Vabre-1.jpg/960px-Tullamarine_International_terminal_Vabre-1.jpg
1qh6e1	1	e/e8/STS059-238-074_Strait_of_Gibraltar.jpg/960px-STS059-238-074_Strait_of_Gibraltar.jpg
g9dj4j	1	2/21/Dead_Sea_by_David_Shankbone.jpg/960px-Dead_Sea_by_David_Shankbone.jpg
ozscfg	3	7/79/Old_Executive_Office_Building_1981.jpg
mqfh14	1	f/f4/Mercator_projection_SW.jpg/960px-Mercator_projection_SW.jpg
10db864	1	2/2d/Argentina-Nigeria_%288%29.jpg/960px-Argentina-Nigeria_%288%29.jpg
owqmma	1	8/84/Himalaya_composite.jpg/960px-Himalaya_composite.jpg
143ixza	3	4/43/Iraqi_city-Euphrates_river.jpg
sywl4f	1	0/00/Continental_models-Australia_ar.gif/960px-Continental_models-Australia_ar.gif
14xcuev	1	1/16/Bering_Strait.jpeg/960px-Bering_Strait.jpeg
ztcw7a	1	e/e0/Antarctica_6400px_from_Blue_Marble.jpg/960px-Antarctica_6400px_from_Blue_Marble.jpg
1gbncwe	1	3/37/YUL.U.S._Departures.Sector.Control.Tower.jpg/960px-YUL.U.S._Departures.Sector.Control.Tower.jpg
am7hv3	1	9/94/VolgaBulgaria1200.png/960px-VolgaBulgaria1200.png
15gc96q	3	b/b0/Longitude_%28AR%29.png
w57l87	1	c/c8/Kazakhstan_Altay_2.jpg/960px-Kazakhstan_Altay_2.jpg
6b1ydo	1	c/c1/Kodaki_fuji_frm_shojinko_refurb.jpg/960px-Kodaki_fuji_frm_shojinko_refurb.jpg
jaw833	1	0/00/Continental_models-Australia_ar.gif/960px-Continental_models-Australia_ar.gif
m5plob	1	e/ef/Korean_yen_1944.jpg/960px-Korean_yen_1944.jpg
139t5oq	1	4/4b/La_Tour_Eiffel_vue_de_la_Tour_Saint-Jacques%2C_Paris_ao%C3%BBt_2014_%282%29.jpg/960px-La_Tour_Eiffel_vue_de_la_Tour_Saint-Jacques%2C_Paris_ao%C3%BBt_2014_%282%29.jpg
r8dcv6	1	a/af/All_Gizah_Pyramids.jpg/960px-All_Gizah_Pyramids.jpg
lb3boo	1	9/97/Copa_america_trofeo.jpg/960px-Copa_america_trofeo.jpg
1l8e3ny	3	6/66/Idioma_galaicoportugu%C3%A9s.png
1qwi59j	1	b/b4/Stazione_Riano1.JPG/960px-Stazione_Riano1.JPG
vy8ua6	3	f/f3/1940_Bank_of_Hyderabad_10_Rupees.jpg
1ep9ak3	3	d/dd/Allah1.png
192pyq0	3	b/bf/Tokyo_Montage_2015.jpg
b7rps4	1	f/ff/Le_Mont_Saint-Michel.jpg/960px-Le_Mont_Saint-Michel.jpg
1vhw958	3	5/54/Territories_of_Dynasties_in_China.gif
mv5puv	1	9/92/Zagreb_tram_promotion_euro_area_02.jpg/960px-Zagreb_tram_promotion_euro_area_02.jpg
17u53h7	1	f/f5/Petra_Jordan_BW_21.JPG/960px-Petra_Jordan_BW_21.JPG
mdefsy	1	e/e5/UAE_Dubai_Marina_img1_asv2018-01.jpg/960px-UAE_Dubai_Marina_img1_asv2018-01.jpg
122bilk	1	0/0a/Bandiera_del_Regno_di_Sicilia_4.svg/960px-Bandiera_del_Regno_di_Sicilia_4.svg.png
9uy1xm	1	5/5c/Legal_status_of_German_in_Europe.svg/960px-Legal_status_of_German_in_Europe.svg.png
1wc3cmp	1	2/25/Tokyo_Camii_2009.jpg/960px-Tokyo_Camii_2009.jpg
1vwqkcy	1	4/44/Oceania_satellite.jpg/960px-Oceania_satellite.jpg
9rpvcj	1	7/7d/Hampi%2C_India%2C_Rocky_landscape_of_Hampi%2C_Granite_rocks_of_Matanga_Hill.jpg/960px-Hampi%2C_India%2C_Rocky_landscape_of_Hampi%2C_Granite_rocks_of_Matanga_Hill.jpg
19x6rlh	1	6/67/London_Skyline_%28125508655%29.jpeg/960px-London_Skyline_%28125508655%29.jpeg
1ahesmf	1	7/72/Metropolitian_Istanbul_-_Landscapes_of_Turkey_12.jpg/960px-Metropolitian_Istanbul_-_Landscapes_of_Turkey_12.jpg
586tdq	1	6/6a/Makkah_Montage.jpg/960px-Makkah_Montage.jpg
nkari0	1	3/36/Gedung_Bank_Indonesia_di_Banjarmasin.jpg/960px-Gedung_Bank_Indonesia_di_Banjarmasin.jpg
101ja8g	1	2/23/Course_Channeltunnel_ar.svg/960px-Course_Channeltunnel_ar.svg.png
d95imc	1	e/e8/Vinay_bhanawat_786_Indian_Currency_Note_collection_world_records_India.JPG/960px-Vinay_bhanawat_786_Indian_Currency_Note_collection_world_records_India.JPG
pdwvv2	1	1/19/Salto_Angel_Dry_Season.jpg/960px-Salto_Angel_Dry_Season.jpg
10w4pgq	1	6/67/London_Skyline_%28125508655%29.jpeg/960px-London_Skyline_%28125508655%29.jpeg
1ho508k	1	2/28/%D8%A7%D9%84%D8%A8%D8%B1%D9%8A%D8%AF_%D8%A7%D9%84%D9%85%D8%B1%D9%83%D8%B2%D9%8A_-_%D8%A7%D9%84%D8%AC%D8%B2%D8%A7%D8%A6%D8%B1.jpg/960px-%D8%A7%D9%84%D8%A8%D8%B1%D9%8A%D8%AF_%D8%A7%D9%84%D9%85%D8%B1%D9%83%D8%B2%D9%8A_-_%D8%A7%D9%84%D8%AC%D8%B2%D8%A7%D8%A6%D8%B1.jpg
ceq16x	1	a/af/All_Gizah_Pyramids.jpg/960px-All_Gizah_Pyramids.jpg
1dwrhk1	1	1/1e/Golden_gate2.jpg/960px-Golden_gate2.jpg
1x6qjwq	1	3/36/Gedung_Bank_Indonesia_di_Banjarmasin.jpg/960px-Gedung_Bank_Indonesia_di_Banjarmasin.jpg
1i44uvk	3	5/55/Kalahari.png
l9xf8g	3	c/cb/CHF_coins.jpg
ajwnmk	3	1/1f/Anna_Malle_00010727_cropped.jpg
1gkefy6	3	d/d7/Aegeansea.jpg
p6xhsv	1	3/38/India_satellite_image.png/960px-India_satellite_image.png
1owztvw	1	3/3d/0116_Helsinki_Bank_of_Finland.jpg/960px-0116_Helsinki_Bank_of_Finland.jpg
sbxwal	1	e/e0/Antarctica_6400px_from_Blue_Marble.jpg/960px-Antarctica_6400px_from_Blue_Marble.jpg
1g11v5c	1	8/86/La_Paz-center.jpg/960px-La_Paz-center.jpg
8yp0qy	1	e/ee/Umayyad_Mosque_night.jpg/960px-Umayyad_Mosque_night.jpg
11s802u	1	2/28/South_Africa_-_Afrique_du_Sud_-_%D8%AC%D9%86%D9%88%D8%A8_%D8%A3%D9%81%D8%B1%D9%8A%D9%82%D9%8A%D8%A7_photo3.jpg/960px-South_Africa_-_Afrique_du_Sud_-_%D8%AC%D9%86%D9%88%D8%A8_%D8%A3%D9%81%D8%B1%D9%8A%D9%82%D9%8A%D8%A7_photo3.jpg
9knsmv	3	2/2f/Indo-Gangetic_Plain.png
hf0bqv	1	7/76/Bosphorus_Bridge.jpg/960px-Bosphorus_Bridge.jpg
1qtfgyr	1	7/74/University_of_Al_Qaraouiyine.jpg/960px-University_of_Al_Qaraouiyine.jpg
1mgvcs5	1	5/56/University_Library%2C_University_of_Lagos.jpg/960px-University_Library%2C_University_of_Lagos.jpg
px64aw	1	7/74/U.S._Marines_with_Iraqi_POWs_-_March_21%2C_2003.jpg/960px-U.S._Marines_with_Iraqi_POWs_-_March_21%2C_2003.jpg
rth3xi	1	3/3a/Ojos_del_Salado_looming_big_on_the_horizon.jpg/960px-Ojos_del_Salado_looming_big_on_the_horizon.jpg
7w4ctv	1	8/83/Treasure_Island-Scribner%27s-1911.jpg/960px-Treasure_Island-Scribner%27s-1911.jpg
1c64joj	1	e/e5/Smara%2CrooftopE.jpg/960px-Smara%2CrooftopE.jpg
1nttjb0	1	a/a6/Kepler-90_MultiExoplanet_System_-_20171214.jpg/960px-Kepler-90_MultiExoplanet_System_-_20171214.jpg
1hznefh	1	4/4a/Mercury_in_true_color.jpg/960px-Mercury_in_true_color.jpg
xcg05d	3	9/98/Heartfailure-ar.jpg
yq9yh6	1	b/b7/Aquamarine_water_pool_at_Bumpass_Hell-8882.jpg/960px-Aquamarine_water_pool_at_Bumpass_Hell-8882.jpg
18cvkm7	3	1/16/DNA_orbit_animated.gif
1ogkapr	1	e/e2/Jupiter_OPAL_2024.png/960px-Jupiter_OPAL_2024.png
1bruta	1	e/e1/FullMoon2010.jpg/960px-FullMoon2010.jpg
1gzen9	1	d/df/Dharma_Wheel.svg/960px-Dharma_Wheel.svg.png
1kkjte9	1	8/83/The_Sun_in_white_light.jpg/960px-The_Sun_in_white_light.jpg
5ksgb7	1	2/28/RIPE_field_trials.jpg/960px-RIPE_field_trials.jpg
6t1fnf	1	7/79/Bone%2C_England%2C_1870-1909_Wellcome_L0057379.jpg/960px-Bone%2C_England%2C_1870-1909_Wellcome_L0057379.jpg
eft9vk	1	0/0c/Mars_-_August_30_2021_-_Flickr_-_Kevin_M._Gill.png/960px-Mars_-_August_30_2021_-_Flickr_-_Kevin_M._Gill.png
l6zjkw	1	6/6d/Backofenthermometer.jpg/960px-Backofenthermometer.jpg
x0mr95	1	1/11/Animal_Cell.svg/960px-Animal_Cell.svg.png
10aae8g	1	7/70/Carbon_dioxide_3D_spacefill.png/960px-Carbon_dioxide_3D_spacefill.png
cabdic	3	a/a8/Contact_dermatitis_around_wound.jpg
nojvcz	1	6/64/Melting_ice_thermometer.jpg/960px-Melting_ice_thermometer.jpg
17xwapl	1	6/64/Melting_ice_thermometer.jpg/960px-Melting_ice_thermometer.jpg
rf6bzo	1	3/39/GodfreyKneller-IsaacNewton-1689.jpg/960px-GodfreyKneller-IsaacNewton-1689.jpg
1cq9iqo	1	3/3e/Einstein_1921_by_F_Schmutzer_-_restoration.jpg/960px-Einstein_1921_by_F_Schmutzer_-_restoration.jpg
1ck3qph	3	d/d4/The_Resuscitative_Endovascular_Balloon_Occlusion_of_the_Aorta_%28REBOA%29.jpg
4ob454	1	1/12/Geometry_of_a_Total_Solar_Eclipse_ar.svg/960px-Geometry_of_a_Total_Solar_Eclipse_ar.svg.png
1g9jmbw	1	c/c6/Hydrogen-sulfide-2D-dimensions.svg/960px-Hydrogen-sulfide-2D-dimensions.svg.png
192b5o4	1	a/a3/Ibn_Al-Haytham_portrait.jpg/960px-Ibn_Al-Haytham_portrait.jpg
bsqivp	3	8/86/Nucleus_accumbens_MRI.PNG
ten4g9	3	9/98/Sodium_chloride_solution.png
ymf6ac	1	b/bf/Synthetic_Production_of_Penicillin_TR1468.jpg/960px-Synthetic_Production_of_Penicillin_TR1468.jpg
15pdmqi	1	9/9c/Ampere-o-meter-vintage-HDR-0h.jpg/960px-Ampere-o-meter-vintage-HDR-0h.jpg
hug6rr	3	4/47/Electron_capture_NT.PNG
3ucav0	1	7/73/Nitric-oxide-3D-vdW.png/960px-Nitric-oxide-3D-vdW.png
twvxwh	3	2/26/J%C4%81bir_ibn_%E1%B8%A4ayy%C4%81n%2C_Sayr_mulhimah_min_al-Sharq_wa-al-Gharb.png
bxl6t0	1	8/8f/Femur_-_anterior_view2.png/960px-Femur_-_anterior_view2.png
q6ldrv	3	c/ca/Enthalpy_of_Vaporization_Period_three.png
3dli9s	1	e/e3/3_Resistors.jpg/960px-3_Resistors.jpg
13uj2zq	3	b/b3/Medeleeff_by_repin.jpg
lwfg2c	1	d/d8/HEUraniumC.jpg/960px-HEUraniumC.jpg
185s957	1	9/95/CMB_universe_expansion.png/960px-CMB_universe_expansion.png
l3e7n7	3	0/0b/Universe_expansion_ar.png
scmkc4	3	d/da/Ibn_Al_Nafis_statue.jpg
1q1hwf4	1	a/aa/Happy_national_mole_day_by_coolkaius_d4dm8yj.jpg/960px-Happy_national_mole_day_by_coolkaius_d4dm8yj.jpg
je0302	1	1/1c/CMS_Higgs-event.jpg/960px-CMS_Higgs-event.jpg
1khl160	1	f/fa/Grasshopper_meiosis_stages.jpg/960px-Grasshopper_meiosis_stages.jpg
t0hq55	1	d/d8/Bluewhale877.jpg/960px-Bluewhale877.jpg
qrdi4s	1	3/36/Cheetah_%28Acinonyx_jubatus%29_female_2.jpg/960px-Cheetah_%28Acinonyx_jubatus%29_female_2.jpg
10jereh	1	6/67/Two_Giraffes.PNG/960px-Two_Giraffes.PNG
quccum	1	5/54/%D8%B5%D9%88%D8%B1%D8%A9_%D8%B4%D8%AE%D8%B5%D9%8A%D8%A9_%D9%85%D8%A7%D8%AC%D8%AF_%D8%A7%D9%84%D8%B4%D8%A8%D9%84_1990.jpg/960px-%D8%B5%D9%88%D8%B1%D8%A9_%D8%B4%D8%AE%D8%B5%D9%8A%D8%A9_%D9%85%D8%A7%D8%AC%D8%AF_%D8%A7%D9%84%D8%B4%D8%A8%D9%84_1990.jpg
l8zo20	1	e/e4/Ali_and_Aisha_at_the_Battle_of_the_Camel.jpg/960px-Ali_and_Aisha_at_the_Battle_of_the_Camel.jpg
26g9j9	1	d/d3/Large_brown_mantid_white.jpg/960px-Large_brown_mantid_white.jpg
165gl4h	1	5/5c/DZ-45_%282019%29.svg/960px-DZ-45_%282019%29.svg.png
hfpuf2	3	8/81/Ajlan.jpg
ydm30u	3	d/df/Bashar_al-Assad_in_May_2024.png
4hlq2j	1	9/9e/Gebarsten_bolster_van_een_paardenkastanje_%28Aesculus%29_13-10-2022_%28d.j.b.%29_02.jpg/960px-Gebarsten_bolster_van_een_paardenkastanje_%28Aesculus%29_13-10-2022_%28d.j.b.%29_02.jpg
1j528p1	3	7/79/Patagona_gigas.jpg
1dtb64r	1	2/2e/BennyTrapp_Chamaeleo_chamaeleon_Samos_Griechenland.jpg/960px-BennyTrapp_Chamaeleo_chamaeleon_Samos_Griechenland.jpg
1wuex5f	1	5/5c/DZ-45_%282019%29.svg/960px-DZ-45_%282019%29.svg.png
1i2jc3v	1	6/6e/Oweston_sting_fish_for_sale_at_Tsukiji_Fishmarket%2C_Tokyo-30.jpg/960px-Oweston_sting_fish_for_sale_at_Tsukiji_Fishmarket%2C_Tokyo-30.jpg
a9h76j	1	f/f9/UGC_10214HST.jpg/960px-UGC_10214HST.jpg
1303ylj	3	a/ac/Bundesarchiv_Bild_151-39-23%2C_Volksgerichtshof%2C_Reinecke%2C_Freisler%2C_Lautz.jpg
9qzztv	1	8/8b/Fangs_01_rfc1036.jpg/960px-Fangs_01_rfc1036.jpg
1wke5uk	3	3/3a/Bee-sting-abeille-dard-2.jpg
1lomb1o	1	e/e4/Ali_and_Aisha_at_the_Battle_of_the_Camel.jpg/960px-Ali_and_Aisha_at_the_Battle_of_the_Camel.jpg
hglmf5	3	f/fa/Prison_Black_Dolphin_-_entrance.jpg
pagsyi	1	a/af/Sri_Lankan_sloth_bear_%28Melursus_ursinus_inornatus%29_male_head.jpg/960px-Sri_Lankan_sloth_bear_%28Melursus_ursinus_inornatus%29_male_head.jpg
q8zypf	1	3/33/%D9%85%D9%82%D8%AF%D9%85%D8%A9_%D9%86%D8%A7%D9%86%D8%A7_%D8%A3%D8%B3%D9%85%D8%A7%D8%A1_%D8%A8%D9%86%D8%AA_%D8%B9%D8%AB%D9%85%D8%A7%D9%86_%D9%81%D9%88%D8%AF%D9%8A.png/960px-%D9%85%D9%82%D8%AF%D9%85%D8%A9_%D9%86%D8%A7%D9%86%D8%A7_%D8%A3%D8%B3%D9%85%D8%A7%D8%A1_%D8%A8%D9%86%D8%AA_%D8%B9%D8%AB%D9%85%D8%A7%D9%86_%D9%81%D9%88%D8%AF%D9%8A.png
10n66o6	1	e/e4/Macroglossum_stellatarum01%28js%29.jpg/960px-Macroglossum_stellatarum01%28js%29.jpg
9qy8u6	1	7/78/Laurie%27s_crocodile_in_the_garden.jpg/960px-Laurie%27s_crocodile_in_the_garden.jpg
1gamvoc	3	4/41/Muhammad_13.jpg
1hqhdf7	3	d/d0/Logy_Bay_giant_squid%2C_1873.jpg
qnlm71	1	d/de/Royal_starfish_%28Astropecten_articulatus%29_on_the_beach.jpg/960px-Royal_starfish_%28Astropecten_articulatus%29_on_the_beach.jpg
o523rd	1	e/ed/Manwithrabies4.png/960px-Manwithrabies4.png
134j57p	1	6/66/Grizzly_-_panoramio_%281%29.jpg/960px-Grizzly_-_panoramio_%281%29.jpg
1pl5vmj	1	d/dc/Octopussy_circus.jpg/960px-Octopussy_circus.jpg
15ds7bw	1	e/e5/Chlorurus_gibbus_male.jpg/960px-Chlorurus_gibbus_male.jpg
2mkfyq	1	1/12/Dipodomys_nitratoides.jpg/960px-Dipodomys_nitratoides.jpg
1oplf1p	1	d/d0/Aedes_aegypti.jpg/960px-Aedes_aegypti.jpg
i73rn6	1	a/a2/Biandintz_eta_zaldiak_-_modified2.jpg/960px-Biandintz_eta_zaldiak_-_modified2.jpg
szql0d	1	9/90/Koala_in_Zoo_Duisburg.jpg/960px-Koala_in_Zoo_Duisburg.jpg
1uoumj8	1	4/44/Ogcocephalus_darwini_02_-_Galapagos.jpg/960px-Ogcocephalus_darwini_02_-_Galapagos.jpg
6tlel3	1	b/b8/PSM_V33_D765_Turritopsis.jpg/960px-PSM_V33_D765_Turritopsis.jpg
2ojonm	1	7/78/Laurie%27s_crocodile_in_the_garden.jpg/960px-Laurie%27s_crocodile_in_the_garden.jpg
b9zhk3	1	9/93/Falco_peregrinus_MHNT.ZOO.2010.11.102.1.jpg/960px-Falco_peregrinus_MHNT.ZOO.2010.11.102.1.jpg
1bzb8cn	1	4/44/Ogcocephalus_darwini_02_-_Galapagos.jpg/960px-Ogcocephalus_darwini_02_-_Galapagos.jpg
fwre90	3	9/90/Hydrochoerus_isthmius_%2827839968482%29.jpg
1mr8qm8	1	5/5c/DZ-45_%282019%29.svg/960px-DZ-45_%282019%29.svg.png
109i0p3	1	e/e4/Ali_and_Aisha_at_the_Battle_of_the_Camel.jpg/960px-Ali_and_Aisha_at_the_Battle_of_the_Camel.jpg
1ggxhvt	1	f/fe/Fierce_Snake-Oxyuranus_microlepidotus.jpg/960px-Fierce_Snake-Oxyuranus_microlepidotus.jpg
1ym8fot	1	8/8b/Alg%C3%A9rie_-_Arm%C3%A9nie_-_20140531_-_Yacine_Brahimi_%28Alg%29_face_%C3%A0_Taron_Voskanyan_%28Arm%29.jpg/960px-Alg%C3%A9rie_-_Arm%C3%A9nie_-_20140531_-_Yacine_Brahimi_%28Alg%29_face_%C3%A0_Taron_Voskanyan_%28Arm%29.jpg
13dgom0	1	b/bd/Twelvers1_copy_copy.png/960px-Twelvers1_copy_copy.png
16rq2bx	1	a/ab/Rich%C3%A8l_Hogenkamp_-_Masters_de_Madrid_2015_-_11.jpg/960px-Rich%C3%A8l_Hogenkamp_-_Masters_de_Madrid_2015_-_11.jpg
syvgcf	1	0/04/P20250506MR-0244_%2854503208386%29.jpg/960px-P20250506MR-0244_%2854503208386%29.jpg
6zbqbg	3	1/11/Tour_de_France_2017%2C_froome_%2836124020176%29.jpg
p4d9w0	1	f/f9/Atlas_Van_der_Hagen-KW1049B12_088-Exactissima_totius_ARCHIPELACHI_nec_non_GRAECIAE_TABULA_in_qua_omnes_subjacentes_Regiones_et_Insulae_distincte_ostenduntur.jpeg/960px-thumbnail.jpeg
1dir3he	1	f/fb/Barcelona_296.JPG/960px-Barcelona_296.JPG
1wona4o	3	1/11/Prof.jamal_Alsharhan.jpg
vlyuyb	1	b/bf/Unidentified_polo_player_2013_-_01.jpg/960px-Unidentified_polo_player_2013_-_01.jpg
x7hifc	3	c/ce/%D9%85%D8%B3%D8%AC%D8%AF_%D8%A7%D9%84%D8%AC%D8%B2%D8%A7%D8%A6%D8%B1_%D8%A7%D9%84%D9%83%D8%A8%D9%8A%D8%B1.png
nm7k1u	1	2/2e/Wimbledon_trophies.jpg/960px-Wimbledon_trophies.jpg
1k4s6vx	1	6/65/Inside_of_the_IBHOF.jpg/960px-Inside_of_the_IBHOF.jpg
14pm8qk	1	5/59/Qatar_diplomatic_crisis.svg/960px-Qatar_diplomatic_crisis.svg.png
133gl5o	1	5/59/Qatar_diplomatic_crisis.svg/960px-Qatar_diplomatic_crisis.svg.png
19jo9kz	1	3/3f/The_FA_Cup_Trophy.jpg/960px-The_FA_Cup_Trophy.jpg
1hg6utb	1	1/1b/Banzuke2.jpg/960px-Banzuke2.jpg
18xqugq	1	8/8c/2016209185719_2016-07-27_Champions_for_Charity_-_Sven_-_1D_X_-_0149_-_DV3P4742_mod.jpg/960px-2016209185719_2016-07-27_Champions_for_Charity_-_Sven_-_1D_X_-_0149_-_DV3P4742_mod.jpg
hdvnya	1	c/c4/TerracesBuffers.JPG/960px-TerracesBuffers.JPG
5kn1rd	1	4/43/Old_Trafford_inside_20060726_1.jpg/960px-Old_Trafford_inside_20060726_1.jpg
66lj0e	1	2/26/Cristiano_Ronaldo_Croatia_v_Portugal_2_July_2026-075_%28cropped%29.jpg/960px-Cristiano_Ronaldo_Croatia_v_Portugal_2_July_2026-075_%28cropped%29.jpg
10j5fyi	3	a/ab/Asian_cup_trophy_2019-.png
1hcid4j	3	c/c6/Rabah_Madjer%2C_May_2018.png
13pjbqw	3	6/67/FC_Salzburg_gegen_Br%C3%B8ndby_IF_%28Championsleague_Play_off_Hinspiel_17._August_2021%29_30_%28cropped%29.jpg
bs5j1x	1	f/fb/Egipto%2C_1882_%22Mercado_de_esclavos%22_%2821663624022%29.jpg/960px-Egipto%2C_1882_%22Mercado_de_esclavos%22_%2821663624022%29.jpg
l3x2yg	3	3/3a/Al_Arabi_SC_Qatar_headquarters_in_Doha_in_2015.png
1vk8k7j	1	9/99/Bader_Al-Mutwa.jpg/960px-Bader_Al-Mutwa.jpg
1xjuirb	3	4/48/Argentina_celebrando_copa_%28cropped%29.jpg
1pewwuz	1	a/ad/2025_FIFA_Club_World_Cup.svg/960px-2025_FIFA_Club_World_Cup.svg.png
13lf93n	1	2/26/Cristiano_Ronaldo_Croatia_v_Portugal_2_July_2026-075_%28cropped%29.jpg/960px-Cristiano_Ronaldo_Croatia_v_Portugal_2_July_2026-075_%28cropped%29.jpg
bzjd4l	1	c/c0/Neymar_Junior_Brazil_V_Morocco_13_June_2026-40.jpg/960px-Neymar_Junior_Brazil_V_Morocco_13_June_2026-40.jpg
p810ir	1	9/95/Kylian_Mbappe_France_v_Senegal_16_June_2026-391_%28cropped%29.jpg/960px-Kylian_Mbappe_France_v_Senegal_16_June_2026-391_%28cropped%29.jpg
hbxsqj	1	3/36/12.12.2025_%E2%80%93_Cerim%C3%B4nia_de_lan%C3%A7amento_do_SBT_News_-_54980664160_%28cropped2%29.jpg/960px-12.12.2025_%E2%80%93_Cerim%C3%B4nia_de_lan%C3%A7amento_do_SBT_News_-_54980664160_%28cropped2%29.jpg
agocoo	1	d/d7/Norway_Italy_-_June_2025_A_44_%28Gianluigi_Buffon%29.jpg/960px-Norway_Italy_-_June_2025_A_44_%28Gianluigi_Buffon%29.jpg
1cchu7n	3	5/5e/Pele_con_brasil_%28cropped%29.jpg
6i9ie6	3	4/48/Argentina_celebrando_copa_%28cropped%29.jpg
1fq0oi9	3	f/f3/Zinedine_Zidane_by_Tasnim_03.jpg
ml0yku	1	9/92/Sadio_Mane_France_v_Senegal_16_June_2026-450.jpg/960px-Sadio_Mane_France_v_Senegal_16_June_2026-450.jpg
1852e0s	1	4/43/Erling_Haaland_Morocco_v_Norway_7_June_2026-51.jpg/960px-Erling_Haaland_Morocco_v_Norway_7_June_2026-51.jpg
1ob39n6	1	2/26/2019147183134_2019-05-27_Fussball_1.FC_Kaiserslautern_vs_FC_Bayern_M%C3%BCnchen_-_Sven_-_1D_X_MK_II_-_0228_-_B70I8527_%28cropped%29.jpg/960px-2019147183134_2019-05-27_Fussball_1.FC_Kaiserslautern_vs_FC_Bayern_M%C3%BCnchen_-_Sven_-_1D_X_MK_II_-_0228_-_B70I8527_%28cropped%29.jpg
1pb2j44	1	8/80/Luka_Modric_Croatia_v_Portugal_2_July_2026-055.jpg/960px-Luka_Modric_Croatia_v_Portugal_2_July_2026-055.jpg
os3g3i	1	f/f6/Mahmoud_El-Khatib_%281977%29.jpg/960px-Mahmoud_El-Khatib_%281977%29.jpg
ei8up2	1	8/8a/Al_Aweer_hills_safari_-_panoramio.jpg/960px-Al_Aweer_hills_safari_-_panoramio.jpg
1nfa0nt	3	a/a9/Yaqoub_Abdulla_2.jpg
1ksyaew	1	c/ce/Zlatan_Ibrahimovi%C4%87_nyc.jpg/960px-Zlatan_Ibrahimovi%C4%87_nyc.jpg
lh5fey	1	a/a3/Harry_Kane_England_v_Ghana_23_June_2026-219_%28cropped%29.jpg/960px-Harry_Kane_England_v_Ghana_23_June_2026-219_%28cropped%29.jpg
cx2340	1	9/9a/Milla2008cropped.jpg/960px-Milla2008cropped.jpg
16herpx	1	7/7d/George_Weah_in_2019_%28cropped%29_mod-2.jpg/960px-George_Weah_in_2019_%28cropped%29_mod-2.jpg
1gl48aw	1	7/77/Didier_Drogba_%282019%29_%28cropped2%29.jpg/960px-Didier_Drogba_%282019%29_%28cropped2%29.jpg
18rmakf	3	1/1f/Xavi%2C_Persepolis_vs._Al_Sadd%2C_20190520_02_%28cropped%29.jpg
14n706q	3	4/4b/Sergio_Ramos_Interview_2021_%28cropped%29.jpg
f0gba0	1	c/c8/Iker-Casillas-SportsTrade-2021-cropped.jpg/960px-Iker-Casillas-SportsTrade-2021-cropped.jpg
butixb	1	c/cb/Johan_Cruijff_%281974%29.jpg/960px-Johan_Cruijff_%281974%29.jpg
9g1ec1	1	a/a0/Mario_G%C3%B6tze%2C_Germany_national_football_team_%2807%29.jpg/960px-Mario_G%C3%B6tze%2C_Germany_national_football_team_%2807%29.jpg
9i0rkx	1	e/e5/RomainSaiss.jpg/960px-RomainSaiss.jpg
1753wwn	1	1/19/Yassine_Bounou_Brazil_V_Morocco_13_June_2026-169.jpg/960px-Yassine_Bounou_Brazil_V_Morocco_13_June_2026-169.jpg
2987gb	1	c/cb/Johan_Cruijff_%281974%29.jpg/960px-Johan_Cruijff_%281974%29.jpg
146ugmh	3	6/69/20070815_allianz_arena_munich_lionel_messi_jimmy_jump.jpg
1bnhosp	1	8/8c/Geoff_Hurst_%282%29.jpg/960px-Geoff_Hurst_%282%29.jpg
5uhs87	3	4/4e/%D8%B1%D9%88%D8%A8%D8%B1%D8%AA%D9%88_%D8%A8%D8%A7%D8%AC%D9%88_%28cropped%29.jpg
13m8xbk	3	e/e8/Ronaldinho_in_2019.jpg
vh1qiu	1	b/b9/Thierry_Henry_%2851649035951%29_%28cropped%29.jpg/960px-Thierry_Henry_%2851649035951%29_%28cropped%29.jpg
px7lh9	1	c/c1/Essam_El-Hadary.jpg/960px-Essam_El-Hadary.jpg
1dhvmyb	1	3/3a/Younis_Mahmoud_2012_2.jpg/960px-Younis_Mahmoud_2012_2.jpg
joda5	3	d/dd/%D8%B9%D8%AF%D9%86%D8%A7%D9%86_%D8%A7%D9%84%D8%B7%D9%84%D9%8A%D8%A7%D9%86%D9%8A2011.jpg
48q3mb	3	f/f5/LevYashin.JPG
1fwjf8k	3	5/55/Eusebio_en_1973.jpg
7wmzzs	3	b/b4/Salvatore_Schillac_croppedi.jpg
1okqmmm	3	7/7a/Ren%C3%A9_Higuita%2C_2007.jpg
120wu4x	3	7/71/Anwar_Wagdi_%28b-w%29.jpg
11rn1nt	3	f/fb/Azzam_AlDakhil.jpg
1v1oymr	3	c/c6/Rabah_Madjer%2C_May_2018.png
107kuxq	3	c/c3/Ali_Kaabi_78.jpg
1hp1qcl	1	2/26/Cristiano_Ronaldo_Croatia_v_Portugal_2_July_2026-075_%28cropped%29.jpg/960px-Cristiano_Ronaldo_Croatia_v_Portugal_2_July_2026-075_%28cropped%29.jpg
jocmp	1	c/c0/Neymar_Junior_Brazil_V_Morocco_13_June_2026-40.jpg/960px-Neymar_Junior_Brazil_V_Morocco_13_June_2026-40.jpg
16kn45g	1	9/95/Kylian_Mbappe_France_v_Senegal_16_June_2026-391_%28cropped%29.jpg/960px-Kylian_Mbappe_France_v_Senegal_16_June_2026-391_%28cropped%29.jpg
1p7lcp	1	2/25/Tokyo_Camii_2009.jpg/960px-Tokyo_Camii_2009.jpg
16xul7n	1	f/f8/Mus%C3%A9e_Ferrari_Maranello_0003.JPG/960px-Mus%C3%A9e_Ferrari_Maranello_0003.JPG
ww23qx	3	0/0c/NKS_1867_4to%2C_97v%2C_Odin_on_Sleipnir.jpg
11l1yhm	1	a/a6/Districts_of_the_German_Democratic_Republic_-_East_Germany_%281952-1990%29.png/960px-Districts_of_the_German_Democratic_Republic_-_East_Germany_%281952-1990%29.png
1vf9ez9	1	2/21/HyundaiMotorsCompany_KiaMotorsCompany.jpg/960px-HyundaiMotorsCompany_KiaMotorsCompany.jpg
uvop5w	1	b/b4/Stazione_Riano1.JPG/960px-Stazione_Riano1.JPG
qyma2m	1	3/39/Gasoline_in_mason_jar.jpg/960px-Gasoline_in_mason_jar.jpg
1geen9u	1	4/42/British_Airways_Airbus_A380-841_F-WWSK_PAS_2013_03_Trent_970_engine.jpg/960px-British_Airways_Airbus_A380-841_F-WWSK_PAS_2013_03_Trent_970_engine.jpg
14cw6c0	1	a/a2/Opening_lap_of_the_2025_Canadian_Grand_Prix_%28cropped%29.jpg/960px-Opening_lap_of_the_2025_Canadian_Grand_Prix_%28cropped%29.jpg
18rg16v	1	a/a6/Districts_of_the_German_Democratic_Republic_-_East_Germany_%281952-1990%29.png/960px-Districts_of_the_German_Democratic_Republic_-_East_Germany_%281952-1990%29.png
fh352h	1	2/25/15-08-Schaltknauf-Kenworth-IMG_1723.JPG/960px-15-08-Schaltknauf-Kenworth-IMG_1723.JPG
eidoca	1	a/a4/1957_Volkswagen_Beetle%2C_export_model%2C_in_front_of_Porta_Nigra_in_Trier_2023-05-01.jpg/960px-1957_Volkswagen_Beetle%2C_export_model%2C_in_front_of_Porta_Nigra_in_Trier_2023-05-01.jpg
sc6v76	1	2/25/Tokyo_Camii_2009.jpg/960px-Tokyo_Camii_2009.jpg
1x5dsdo	1	8/89/Chevrolet_Fleetline_BW_1.JPG/960px-Chevrolet_Fleetline_BW_1.JPG
zdg88k	1	d/d8/Carl_Benz_c._1889.jpg/960px-Carl_Benz_c._1889.jpg
17n8v2r	1	1/18/Henry_ford_1919.jpg/960px-Henry_ford_1919.jpg
ubrhi6	1	3/36/Renault_Technocentre%2C_entr%C3%A9e_de_l%27Avanc%C3%A9e.jpg/960px-Renault_Technocentre%2C_entr%C3%A9e_de_l%27Avanc%C3%A9e.jpg
sayqkc	1	3/3b/Lamborghini%2C_Sant%27Agata_Bolognese%2C_Bologna.jpg/960px-Lamborghini%2C_Sant%27Agata_Bolognese%2C_Bologna.jpg
1tp4pl9	3	f/ff/Headquarter_of_Toyota_Motor_Corporation_3.JPG
phri58	1	e/e7/Port_Of_Nice%2C_C%C3%B4te_d%27Azur.jpg/960px-Port_Of_Nice%2C_C%C3%B4te_d%27Azur.jpg
ibqcal	1	b/b2/United_Autosport%27s_Ligier_JS_P217_Gibson_and_Dempsey_Proton_Racing%27s_Porsche_991_RSR.jpg/960px-United_Autosport%27s_Ligier_JS_P217_Gibson_and_Dempsey_Proton_Racing%27s_Porsche_991_RSR.jpg
105wwkh	3	e/e6/Honda-Motor-Aoyama-01.jpg
qa4fmu	1	9/95/Hagel_in_Finnland.jpg/960px-Hagel_in_Finnland.jpg
tlxerc	1	a/ab/Peugeot_dealership%2C_Chingford%2C_Waltham_Forest%2C_London_1.jpg/960px-Peugeot_dealership%2C_Chingford%2C_Waltham_Forest%2C_London_1.jpg
ot5rth	1	c/cf/Volkswagen_Caddy_Life.jpg/960px-Volkswagen_Caddy_Life.jpg
1uv9shq	1	b/bd/Tesla_Motors.svg/960px-Tesla_Motors.svg.png
e5cp0m	3	c/c1/Nasa_ge_udf.jpg
dn56iz	1	d/d3/Prime_Minister_Keir_Starmer_meets_Sir_Lewis_Hamilton_%2854566928382%29_%28cropped%29.jpg/960px-Prime_Minister_Keir_Starmer_meets_Sir_Lewis_Hamilton_%2854566928382%29_%28cropped%29.jpg
n9hys7	3	7/74/Subaru_mk_summit_light.jpg
1r7s1df	1	8/80/Audi_Quattro_vl_black.jpg/960px-Audi_Quattro_vl_black.jpg
1k1c2wg	1	3/3f/Toyota_Supra_Mk_IV_1X7A8107.jpg/960px-Toyota_Supra_Mk_IV_1X7A8107.jpg
1e77f5f	1	3/31/Ford_T_Jon_Sullivan.jpg/960px-Ford_T_Jon_Sullivan.jpg
1fjm3k2	1	f/f8/Mus%C3%A9e_Ferrari_Maranello_0003.JPG/960px-Mus%C3%A9e_Ferrari_Maranello_0003.JPG
1a22d8a	1	6/60/Ford_Kuga_2.5_Duratec_Plug-in-Hybrid_ST-Line_%28III%29_%E2%80%93_f_27062021.jpg/960px-Ford_Kuga_2.5_Duratec_Plug-in-Hybrid_ST-Line_%28III%29_%E2%80%93_f_27062021.jpg
1mx71we	3	f/ff/Headquarter_of_Toyota_Motor_Corporation_3.JPG
1mkr3kp	3	0/05/Acp_tzero_dsc00309.jpg
xtnix5	1	a/ab/Challenger_%2840100679452%29.jpg/960px-Challenger_%2840100679452%29.jpg
28vx00	1	9/98/Cern_datacenter.jpg/960px-Cern_datacenter.jpg
p6y5z	3	8/88/Bill_Gates_at_the_European_Commission_-_2025_-_P067383-987995_%28cropped%29.jpg
vgufmm	1	2/21/Ios_collage.png/960px-Ios_collage.png
11v5kfk	1	d/d6/Google_Android.jpg/960px-Google_Android.jpg
3yr6i5	1	6/6b/NASA_World_Wind_-_Google_Earth_bar.png/960px-NASA_World_Wind_-_Google_Earth_bar.png
xpczrm	1	d/dc/Intel_80486DX2_top.jpg/960px-Intel_80486DX2_top.jpg
pkqtcr	3	d/d6/Files_App_icon_iOS.png
1olqgu3	1	1/17/YouTube_Shorts_player%2C_opened_on_a_video.png/960px-YouTube_Shorts_player%2C_opened_on_a_video.png
1a4aipp	3	d/d3/RAM_n.jpg
sjuryb	3	e/e3/Scanner.view.750pix.jpg
4w39jq	1	6/67/Steve_Jobs_Headshot_2010.JPG/960px-Steve_Jobs_Headshot_2010.JPG
652o3n	1	b/bb/Meta_HQ_2023.png/960px-Meta_HQ_2023.png
12ax77z	1	1/1b/Rock_en_Seine_2007%2C_Cansei_de_Ser_Sexy_1.jpg/960px-Rock_en_Seine_2007%2C_Cansei_de_Ser_Sexy_1.jpg
z0a3o4	3	5/56/Addwiki_Wikidata_Microdata_Referencer_CLI.JPG
vhhs6q	1	c/cc/HTTPS_Browser_%2813792583873%29.jpg/960px-HTTPS_Browser_%2813792583873%29.jpg
7is7oe	1	c/c0/Bluetooth_headset.jpg/960px-Bluetooth_headset.jpg
1fif9p0	1	0/0f/Arabic_Wikipedia_Day_21_-_For_light_mode.png/960px-Arabic_Wikipedia_Day_21_-_For_light_mode.png
1mvlnrn	1	6/6c/ENIAC_Penn1.jpg/960px-ENIAC_Penn1.jpg
107ct8m	3	b/b7/Ada_Byron_daguerreotype_by_Antoine_Claudet_1843_or_1850_-_cropped.png
1vkdjca	1	d/d3/Sergey_Brin_Ted_2010_%28cropped%29.jpg/960px-Sergey_Brin_Ted_2010_%28cropped%29.jpg
2uvche	1	2/20/Figure_3-_Global_Positioning_System_%28GPS%29%E2%80%93Based_Offender_Tracking_System_%2823355849050%29.jpg/960px-Figure_3-_Global_Positioning_System_%28GPS%29%E2%80%93Based_Offender_Tracking_System_%2823355849050%29.jpg
1u050py	3	a/a4/JavaScript_code.png
3ah23g	1	8/8d/LS3_4919_%28cropped%29.jpg/960px-LS3_4919_%28cropped%29.jpg
1q2sl4y	3	0/01/Ray_Tomlinson_%28cropped%29.jpg
l5l4e4	1	b/bc/Arpanet_in_the_1970s.png/960px-Arpanet_in_the_1970s.png
x3onhf	1	3/35/Tux.svg/960px-Tux.svg.png
37o4mn	1	e/e4/Holding_Bitcoin_cryptocurrency_coin.jpg/960px-Holding_Bitcoin_cryptocurrency_coin.jpg
7v19me	3	7/7b/M%C3%A4luketas.jpg
1p6aa61	1	d/df/Domain-name-system.jpg/960px-Domain-name-system.jpg
dwsrv4	1	0/0f/NVIDIA_Headquarters.jpg/960px-NVIDIA_Headquarters.jpg
1cco1dj	3	f/f2/Internet_de_las_Cosas.jpg
w40cwn	3	4/4a/Bardeen.jpg
io8k5x	1	d/d2/Hans_Holbein%2C_the_Younger_-_Sir_Thomas_More_-_Google_Art_Project.jpg/960px-Hans_Holbein%2C_the_Younger_-_Sir_Thomas_More_-_Google_Art_Project.jpg
gspj83	1	f/f5/IPhone_17_Pro_Vector.svg/960px-IPhone_17_Pro_Vector.svg.png
41hsxd	1	7/72/C1stEdition.svg/960px-C1stEdition.svg.png
1sgjpuq	1	2/21/Chrome_on_Linux.png/960px-Chrome_on_Linux.png
e92imu	3	a/a6/API_C3D.png
1l789ms	3	0/06/Adi_Shamir_2009_crop.jpg
1mqudyl	3	b/be/Deep_Blue.jpg
1n7xl2s	1	d/d6/JohnvonNeumann-LosAlamos.jpg/960px-JohnvonNeumann-LosAlamos.jpg
69wlk8	3	5/5c/Firma_Mario.png
18qf6cf	1	e/ef/Sony_headquaters_1.jpg/960px-Sony_headquaters_1.jpg
19n62kf	1	9/97/Minecraft_-_Lush_caves.jpg/960px-Minecraft_-_Lush_caves.jpg
bitfy1	3	3/3f/PHDSlider_HUD_Icon_BOCW_resized.png
ml4g5c	1	5/52/FIFA_World_Museum%2C_Zurich_%28_Ank_Kumar%2C_Infosys%29_04.jpg/960px-FIFA_World_Museum%2C_Zurich_%28_Ank_Kumar%2C_Infosys%29_04.jpg
yxh7c4	1	d/d6/Fortnite_cosplayers_at_Gamescom_2017_%283%29.jpg/960px-Fortnite_cosplayers_at_Gamescom_2017_%283%29.jpg
xr1ym1	1	1/1e/Headquarters_of_Nintendo_Co.%2C_Ltd.jpg/960px-Headquarters_of_Nintendo_Co.%2C_Ltd.jpg
rri4ka	1	d/d7/Michaelerplatz_Wien_2022-08-08_01.jpg/960px-Michaelerplatz_Wien_2022-08-08_01.jpg
hn0mtj	1	a/ab/Abraham_Lincoln_O-77_matte_collodion_print.jpg/960px-Abraham_Lincoln_O-77_matte_collodion_print.jpg
11squnr	1	4/47/Naughty_Dog_headquarters_2016%2C_1.jpg/960px-Naughty_Dog_headquarters_2016%2C_1.jpg
7f4yk3	1	c/c2/InclusiveGameLab_Person-Playing-Nintendo-Switch_1_CC-BY-SA.jpg/960px-InclusiveGameLab_Person-Playing-Nintendo-Switch_1_CC-BY-SA.jpg
14k2ay1	1	0/0f/Valorant_Champions_Los_Angeles_2023.jpg/960px-Valorant_Champions_Los_Angeles_2023.jpg
bdl2ld	1	7/78/PUBGCorpABHC.png/960px-PUBGCorpABHC.png
6jg4fz	1	8/82/The_Witcher_Keychain.jpg/960px-The_Witcher_Keychain.jpg
1520te2	1	f/f0/1959-SAAB93B-750GT.jpg/960px-1959-SAAB93B-750GT.jpg
1vweqgk	1	5/54/Bong_Joon_Ho_at_Busan_Film_Festival%2C_smaller.jpg/960px-Bong_Joon_Ho_at_Busan_Film_Festival%2C_smaller.jpg
1d7qo51	1	a/ac/Square_Enix_HQ_%28Shinjuku_Eastside_Square%29.jpg/960px-Square_Enix_HQ_%28Shinjuku_Eastside_Square%29.jpg
km09uw	3	e/e5/Solaire_of_Astora%27s_Sun_without_details.png
1y0yka7	1	3/35/ELDEN_RING_Ming-Na_Wen_02.png/960px-ELDEN_RING_Ming-Na_Wen_02.png
1iviz62	1	6/6f/Black-chested_snake-eagle_%28Circaetus_pectoralis%29.jpg/960px-Black-chested_snake-eagle_%28Circaetus_pectoralis%29.jpg
ecgfbn	1	4/40/Hideo_Kojima_2025_SXSW_%28cropped%29.jpg/960px-Hideo_Kojima_2025_SXSW_%28cropped%29.jpg
ts4j0v	3	2/25/Cosplayer_of_Pyramid_Head%2C_Silent_Hill_20071102b.jpg
ur5nf5	3	5/57/Resident_Evil_Bar.jpg
1hk6w2l	1	5/55/Tomb_Raider_The_Ride.jpg/960px-Tomb_Raider_The_Ride.jpg
acz6u7	1	0/0f/Magnavox-Odyssey-Console-Set.png/960px-Magnavox-Odyssey-Console-Set.png
12dljx6	3	5/5c/Firma_Mario.png
13xcw59	1	9/97/Minecraft_-_Lush_caves.jpg/960px-Minecraft_-_Lush_caves.jpg
1c4d70k	1	9/9c/Typical_Tetris_Game.svg/960px-Typical_Tetris_Game.svg.png
f6zdo6	1	e/e3/Red_Dead_Redemption_at_PAX_East_2010.jpg/960px-Red_Dead_Redemption_at_PAX_East_2010.jpg
1pl2qzu	1	6/64/Ubisoft_Toronto_-_2013.jpg/960px-Ubisoft_Toronto_-_2013.jpg
5vw0fp	1	f/f9/PSX-Original-Controller.jpg/960px-PSX-Original-Controller.jpg
12tk43a	3	9/97/Mortal_Kombat_II_arcade_cabinet.jpg
qtovuc	1	4/43/Activisionheadquarters.jpg/960px-Activisionheadquarters.jpg
xg6gxw	3	5/50/Tennis_For_Two_on_a_DuMont_Lab_Oscilloscope_Type_304-A.jpg
1wjgzwo	1	b/b9/Atari-2600-Wood-4Sw-Set.jpg/960px-Atari-2600-Wood-4Sw-Set.jpg
m3254f	1	2/2d/John_Carmack_2025.jpg/960px-John_Carmack_2025.jpg
1heyb4t	1	5/58/ET_Amhara_asv2018-02_img088_Lake_Tana_at_Bahir_Dar.jpg/960px-ET_Amhara_asv2018-02_img088_Lake_Tana_at_Bahir_Dar.jpg
qvozco	1	e/e4/Unity_7.7_-_Dash.png/960px-Unity_7.7_-_Dash.png
exrfe4	3	4/47/Grand_Theft_Auto_IV_GameSpot_launch_%28Las_Vegas%29.jpg
fbfejf	1	c/c6/Nintendo_Gameboy.jpg/960px-Nintendo_Gameboy.jpg
18g7ex4	1	3/35/Self-portrait_in_a_Straw_Hat_by_Elisabeth-Louise_Vig%C3%A9e-Lebrun.jpg/960px-Self-portrait_in_a_Straw_Hat_by_Elisabeth-Louise_Vig%C3%A9e-Lebrun.jpg
jl8uxn	1	9/99/Conan_Tottori_Liner_in_Yonago_Station_2.jpg/960px-Conan_Tottori_Liner_in_Yonago_Station_2.jpg
njr6lv	1	f/fd/RMS_Titanic_3.jpg/960px-RMS_Titanic_3.jpg
g45bl1	3	0/0b/Iron_Man_transparent_background.png
ybzr0t	1	6/6f/Preestrena_de_Bola_de_Drac_Super_el_Superheroi_01.jpg/960px-Preestrena_de_Bola_de_Drac_Super_el_Superheroi_01.jpg
1syxi2v	1	2/21/Pixaranimationstudios.jpg/960px-Pixaranimationstudios.jpg
a3jvk1	3	c/c4/%D9%87%D8%AC%D9%88%D9%85_%D8%A7%D9%84%D8%B9%D9%85%D8%A7%D9%84%D9%82%D8%A9.png
isoirx	1	d/d1/Madame_Tussauds_London_-_Spider-Man_statue.jpg/960px-Madame_Tussauds_London_-_Spider-Man_statue.jpg
113wq5n	1	5/52/Studio_Ghibli_studio_3.jpg/960px-Studio_Ghibli_studio_3.jpg
61oao3	1	0/0a/Sen_to_Chihiro_no_kamikakushi.jpg/960px-Sen_to_Chihiro_no_kamikakushi.jpg
2l3dmw	1	4/4a/Peter_Jackson_SDCC_2014.jpg/960px-Peter_Jackson_SDCC_2014.jpg
165prn1	1	9/9b/The.Matrix.glmatrix.2.png/960px-The.Matrix.glmatrix.2.png
t21xh4	1	c/c7/Death_Note_Cosplay_Japantag_Duesseldorf_2025.jpg/960px-Death_Note_Cosplay_Japantag_Duesseldorf_2025.jpg
x3e0am	3	4/48/Marlon_Brando_as_Vito_Corleone.png
w1xws9	1	b/b2/ChristopherNolan-byPhilipRomano_%28cropped%29.jpg/960px-ChristopherNolan-byPhilipRomano_%28cropped%29.jpg
kglu3g	3	c/c6/%D9%82%D8%A7%D8%AA%D9%84_%D8%A7%D9%84%D8%B4%D9%8A%D8%A7%D8%B7%D9%8A%D9%86.png
72fz6n	3	8/8e/SNOW_WHITE_DISNEY.jpg
55x8go	3	f/ff/HayaoMiyazakiCCJuly09.jpg
1qs2xqo	1	d/d3/Haikyu%21%21_sports_uniforms_and_Superman_Booth_main_entrance_20240907.jpg/960px-Haikyu%21%21_sports_uniforms_and_Superman_Booth_main_entrance_20240907.jpg
myz0kc	1	0/0e/Forrest_Gump.svg/960px-Forrest_Gump.svg.png
1mxxt9v	1	2/2b/Bleach_filler_list.jpg/960px-Bleach_filler_list.jpg
gmn6lj	1	3/32/Walt_Disney_Studios_Alameda_Entrance.jpg/960px-Walt_Disney_Studios_Alameda_Entrance.jpg
pzhdts	1	9/9d/27th_Tokyo_International_Film_Festival-_Sometani_Shota_from_Parasyte_%2815452428467%29.jpg/960px-27th_Tokyo_International_Film_Festival-_Sometani_Shota_from_Parasyte_%2815452428467%29.jpg
m8uy5q	3	d/d2/Maged_El-Masry.png
qgixai	3	2/21/Johnny_Depp_2020.jpg
num4j5	1	4/4f/James_Cameron_at_53rd_Saturn_Awards_2026-01_%28cropped%29.jpg/960px-James_Cameron_at_53rd_Saturn_Awards_2026-01_%28cropped%29.jpg
1sr0j7g	3	6/6c/ChrisLitherlandSmackover.jpg
f8hj4e	1	d/d1/Joaquin_Phoenix_in_2018.jpg/960px-Joaquin_Phoenix_in_2018.jpg
1ll6uwk	1	f/f3/Shinjuku_front_tower_2012.JPG/960px-Shinjuku_front_tower_2012.JPG
160tt80	1	a/aa/Groundhog_Day%2C_Punxsutawney%2C_2013-1.jpg/960px-Groundhog_Day%2C_Punxsutawney%2C_2013-1.jpg
bfs6im	3	8/8c/Omar_elcherif.jpg
jlsorc	1	6/68/Manga_Barcelona_Awards_2023_-_Millor_manga_en_catal%C3%A0.jpg/960px-Manga_Barcelona_Awards_2023_-_Millor_manga_en_catal%C3%A0.jpg
11c9pnk	1	e/e5/May_McAvoy_and_Al_Jolson_in_The_Jazz_Singer.jpg/960px-May_McAvoy_and_Al_Jolson_in_The_Jazz_Singer.jpg
1690wc7	3	9/94/Hitchcock%2C_Alfred_02.jpg
1h6hols	1	9/94/LongWinBus_HKAtomAD_E34.jpg/960px-LongWinBus_HKAtomAD_E34.jpg
ijigei	1	9/9b/Koala_House_of_Higashiyama_Zoo_-_4.jpg/960px-Koala_House_of_Higashiyama_Zoo_-_4.jpg
1atoxai	1	7/7e/Nighttime_landscape_in_Pandora_%E2%80%93_The_World_of_Avatar.jpg/960px-Nighttime_landscape_in_Pandora_%E2%80%93_The_World_of_Avatar.jpg
2t6cmi	1	e/e9/FIBD2023HajimeIsayama_01.jpg/960px-FIBD2023HajimeIsayama_01.jpg
te5tkw	3	d/dc/Cannes.Redcarpet.jpg
1jmwlte	3	8/8b/Beauty_and_the_beast.png
fkuv39	3	e/e2/Gosho_Aoyama.jpg
1w1apli	1	6/62/Universal_Pictures_2021_%28Blue%29.svg/960px-Universal_Pictures_2021_%28Blue%29.svg.png
hsw95y	1	a/a9/High_voltage_warning.svg/960px-High_voltage_warning.svg.png
16ozcko	1	e/e8/Pok%C3%A9mon_Pikachu_digital_pet.JPG/960px-Pok%C3%A9mon_Pikachu_digital_pet.JPG
fqt6fz	1	3/31/Mega_Tokyo_Pok%C3%A9mon_Center_2.jpg/960px-Mega_Tokyo_Pok%C3%A9mon_Center_2.jpg
ljk6at	1	f/f9/Bok_globules_in_IC2944.jpg/960px-Bok_globules_in_IC2944.jpg
1kysua4	3	5/5e/Squirtle_army%21_Frist_test_with_flexible_PLA%2C_do_need_to_drop_print_speed_down_as_suggested_by_-matterhackers_to_avoid_mohawk_wisps_%28by_j_bizzie%29_2014-12-09.jpg
1vtoith	1	3/3f/Hmongism%2C_yeeb_and_yaj.svg/960px-Hmongism%2C_yeeb_and_yaj.svg.png
1eo726r	1	3/37/Shibuya_Parco_200220f.jpg/960px-Shibuya_Parco_200220f.jpg
1j9zpxp	3	4/47/Kanto_plain.png
gwf40w	1	c/c2/InclusiveGameLab_Person-Playing-Nintendo-Switch_1_CC-BY-SA.jpg/960px-InclusiveGameLab_Person-Playing-Nintendo-Switch_1_CC-BY-SA.jpg
9uvkzz	1	9/9d/Ashlynn_Brooke_2010.jpg/960px-Ashlynn_Brooke_2010.jpg
1xuqf3d	1	c/ce/MistyCopeland-byPhilipRomano.jpg/960px-MistyCopeland-byPhilipRomano.jpg
w9zg17	3	9/90/Effi_Defrin%2C_July_2021_%28cropped%29.jpg
77hh99	1	f/ff/Jama_Masjid_Delhi.JPG/960px-Jama_Masjid_Delhi.JPG
1dbmtlz	1	a/a1/F-117_Nighthawk_Front.jpg/960px-F-117_Nighthawk_Front.jpg
a7v8k	3	c/c9/Oh_Yeonseo_Marie_Claire_Korea_2021_2.png
bv4ake	1	3/32/%D8%A7%D9%84%D8%B1%D9%81%D8%B1%D8%A7%D9%81_%D8%A3%D8%A8%D9%8A%D8%B6_%D8%A7%D9%84%D8%B5%D8%AF%D8%B1.jpg/960px-%D8%A7%D9%84%D8%B1%D9%81%D8%B1%D8%A7%D9%81_%D8%A3%D8%A8%D9%8A%D8%B6_%D8%A7%D9%84%D8%B5%D8%AF%D8%B1.jpg
heaisc	1	f/f3/Onyx_Cave.jpg/960px-Onyx_Cave.jpg
25yerr	1	4/49/MAGFest_IMG_8541_%2832102985541%29.jpg/960px-MAGFest_IMG_8541_%2832102985541%29.jpg
4giayc	1	6/6e/Robert_Loggia.jpg/960px-Robert_Loggia.jpg
1oqkspo	1	d/d8/Pachyptila_turtur_-_SE_Tasmania.jpg/960px-Pachyptila_turtur_-_SE_Tasmania.jpg
1vdrgzr	1	a/af/Paulo_Orosio_-_Detalle.jpg/960px-Paulo_Orosio_-_Detalle.jpg
ajhie1	3	9/90/Effi_Defrin%2C_July_2021_%28cropped%29.jpg
qoybt	1	3/3f/%D8%B9%D8%AF%D9%86%D8%A7%D9%86_%D8%A7%D9%84%D9%85%D9%84%D9%88%D8%AD%D9%8A_%D9%85%D9%87%D9%8A%D8%A7%D8%B1_%D8%A7%D9%84%D9%85%D9%84%D9%88%D8%AD%D9%8A_%D8%B9%D8%AF%D9%86%D8%A7%D9%86_%D8%A7%D9%84%D8%AD%D9%85%D9%88%D9%8A_%D8%B3%D8%A7%D9%85%D9%8A_%D8%A7%D9%84%D8%AD%D9%85%D9%88%D9%8A_%D9%86%D8%AD%D9%88_%D8%B9%D8%A7%D9%85_1996.jpg/960px-%D8%B9%D8%AF%D9%86%D8%A7%D9%86_%D8%A7%D9%84%D9%85%D9%84%D9%88%D8%AD%D9%8A_%D9%85%D9%87%D9%8A%D8%A7%D8%B1_%D8%A7%D9%84%D9%85%D9%84%D9%88%D8%AD%D9%8A_%D8%B9%D8%AF%D9%86%D8%A7%D9%86_%D8%A7%D9%84%D8%AD%D9%85%D9%88%D9%8A_%D8%B3%D8%A7%D9%85%D9%8A_%D8%A7%D9%84%D8%AD%D9%85%D9%88%D9%8A_%D9%86%D8%AD%D9%88_%D8%B9%D8%A7%D9%85_1996.jpg
1qmnt46	1	4/47/Pokemon_FireRed.svg/960px-Pokemon_FireRed.svg.png
ph5v8w	1	1/1e/Headquarters_of_Nintendo_Co.%2C_Ltd.jpg/960px-Headquarters_of_Nintendo_Co.%2C_Ltd.jpg
1mw4t7k	1	3/37/Shibuya_Parco_200220f.jpg/960px-Shibuya_Parco_200220f.jpg
pm15p5	3	c/c1/Pokemon_collection.jpg
1ufevso	1	c/c2/InclusiveGameLab_Person-Playing-Nintendo-Switch_1_CC-BY-SA.jpg/960px-InclusiveGameLab_Person-Playing-Nintendo-Switch_1_CC-BY-SA.jpg
koi7ta	3	9/97/Rue_de_Menilmontant_in_Paris.jpg
379rc9	1	0/07/Pentagram_in_painters_tape.jpg/960px-Pentagram_in_painters_tape.jpg
1slg7ot	1	9/95/Rhombische_Schnittstelle_HQ_OpenCL_10K_20200705.png/960px-Rhombische_Schnittstelle_HQ_OpenCL_10K_20200705.png
193cejs	1	3/31/Mega_Tokyo_Pok%C3%A9mon_Center_2.jpg/960px-Mega_Tokyo_Pok%C3%A9mon_Center_2.jpg
1b6dli8	1	e/e0/I%C5%81-102_NTW_3_95_1.jpg/960px-I%C5%81-102_NTW_3_95_1.jpg
1jzhbyw	1	d/d8/Wei%C3%9Fr%C3%BCckengeier_Gyps_africanus_HP_L2043.JPG/960px-Wei%C3%9Fr%C3%BCckengeier_Gyps_africanus_HP_L2043.JPG
llhv3o	1	2/2c/Egyptian_ID_Card.jpg/960px-Egyptian_ID_Card.jpg
1icrjm5	3	9/9f/Suppici.jpg
e4m2xx	1	8/85/CIAJMK1209-ar.svg/960px-CIAJMK1209-ar.svg.png
1pze53n	3	3/34/Art-portrait-collage_2.jpg
1sgmhfo	1	6/6a/Pisa_International_Airport_Galileo_Galilei%2C_Italy.JPG/960px-Pisa_International_Airport_Galileo_Galilei%2C_Italy.JPG
1u2lx6i	1	5/5e/Fussball-Bundesliga_2009.-10..png/960px-Fussball-Bundesliga_2009.-10..png
vr0odo	1	c/ca/Journey_and_Life_of_the_Patriarch_Abraham_WDL2890.png/960px-Journey_and_Life_of_the_Patriarch_Abraham_WDL2890.png
1j2bn9o	1	1/10/Darwin_Tree_1837.png/960px-Darwin_Tree_1837.png
120zpeb	1	b/ba/Hildegard_von_Bingen.jpg/960px-Hildegard_von_Bingen.jpg
17qxhr8	1	8/8c/Alfabeto_camuno-e.svg/960px-Alfabeto_camuno-e.svg.png
ezn5h2	1	e/e1/2017_Coast_to_Coast_-_the_crowd_is_building.jpg/960px-2017_Coast_to_Coast_-_the_crowd_is_building.jpg
19vxmwa	1	9/9b/%D9%85%D8%AC%D9%84%D8%B3_%D8%A7%D9%84%D9%86%D9%88%D8%A7%D8%A8.jpg/960px-%D9%85%D8%AC%D9%84%D8%B3_%D8%A7%D9%84%D9%86%D9%88%D8%A7%D8%A8.jpg
ow619b	1	3/31/Mega_Tokyo_Pok%C3%A9mon_Center_2.jpg/960px-Mega_Tokyo_Pok%C3%A9mon_Center_2.jpg
niu45r	3	1/10/Tombeau_de_Suleiman_Chah.jpg
1jikhc7	1	3/32/Apartments_Valide_Sultan_Topkapi_March_2008pano.jpg/960px-Apartments_Valide_Sultan_Topkapi_March_2008pano.jpg
1xmsgmw	1	c/c0/Sultan_Gazi_%CA%BBUthm%C4%81n_Han_I_-_%D8%A7%D9%84%D8%B3%D9%8F%D9%84%D8%B7%D8%A7%D9%86_%D8%A7%D9%84%D8%BA%D8%A7%D8%B2%D9%8A_%D8%B9%D9%8F%D8%AB%D9%85%D8%A7%D9%86_%D8%AE%D8%A7%D9%86_%D8%A7%D9%84%D8%A3%D9%88%D9%8E%D9%91%D9%84.png/960px-Sultan_Gazi_%CA%BBUthm%C4%81n_Han_I_-_%D8%A7%D9%84%D8%B3%D9%8F%D9%84%D8%B7%D8%A7%D9%86_%D8%A7%D9%84%D8%BA%D8%A7%D8%B2%D9%8A_%D8%B9%D9%8F%D8%AB%D9%85%D8%A7%D9%86_%D8%AE%D8%A7%D9%86_%D8%A7%D9%84%D8%A3%D9%88%D9%8E%D9%91%D9%84.png
10118zg	3	1/17/Engin_Altan_D%C3%BCzyatan_%C4%B0zmir_01_%28cropped%29.jpg
1y5qxx8	3	a/a1/Hayme_ana_turbesi.jpg
1fkjx9o	1	2/29/Ertu%C4%9Frul_Gazi_T%C3%BCrbesi%27nin_bah%C3%A7esi.JPG/960px-Ertu%C4%9Frul_Gazi_T%C3%BCrbesi%27nin_bah%C3%A7esi.JPG
5msibj	1	7/72/Metropolitian_Istanbul_-_Landscapes_of_Turkey_12.jpg/960px-Metropolitian_Istanbul_-_Landscapes_of_Turkey_12.jpg
11r687v	1	2/29/Ertu%C4%9Frul_Gazi_T%C3%BCrbesi%27nin_bah%C3%A7esi.JPG/960px-Ertu%C4%9Frul_Gazi_T%C3%BCrbesi%27nin_bah%C3%A7esi.JPG
1kjtupj	1	5/5e/Egirdir_D%C3%BCndar_Bey_Medresesi_in_2012_2982.jpg/960px-Egirdir_D%C3%BCndar_Bey_Medresesi_in_2012_2982.jpg
1oy46gt	1	2/25/IbnTaymiyyah.png/960px-IbnTaymiyyah.png
ro5ykj	1	d/da/Titus_Andronicus_-_act_IV%2C_scene_1793_%2884994546%29.jpg/960px-Titus_Andronicus_-_act_IV%2C_scene_1793_%2884994546%29.jpg
1i7v7hz	3	2/23/8_by_8_Isosceles_triangle_dim1.PNG
1806uh4	3	5/54/Seljuk_Empire.png
1pdj9ys	3	1/18/%D8%B3%D9%88%D8%B2%D8%A7%D9%86_%D9%86%D8%AC%D9%85_%D8%A7%D9%84%D8%AF%D9%8A%D9%86.jpg
1r0hskc	1	c/c0/Sultan_Gazi_%CA%BBUthm%C4%81n_Han_I_-_%D8%A7%D9%84%D8%B3%D9%8F%D9%84%D8%B7%D8%A7%D9%86_%D8%A7%D9%84%D8%BA%D8%A7%D8%B2%D9%8A_%D8%B9%D9%8F%D8%AB%D9%85%D8%A7%D9%86_%D8%AE%D8%A7%D9%86_%D8%A7%D9%84%D8%A3%D9%88%D9%8E%D9%91%D9%84.png/960px-Sultan_Gazi_%CA%BBUthm%C4%81n_Han_I_-_%D8%A7%D9%84%D8%B3%D9%8F%D9%84%D8%B7%D8%A7%D9%86_%D8%A7%D9%84%D8%BA%D8%A7%D8%B2%D9%8A_%D8%B9%D9%8F%D8%AB%D9%85%D8%A7%D9%86_%D8%AE%D8%A7%D9%86_%D8%A7%D9%84%D8%A3%D9%88%D9%8E%D9%91%D9%84.png
m29ljr	1	f/fe/The_war_of_two_Il-Khanid_rulers%2C_Arghun_Khan_vs._Sultan_Ahmad%2C_from_the_manuscript_of_Safvat_al-Safa_%28The_Quintessence_of_Purity%29%2C_Shiraz%2C_Iran%2C_dated_September_1582.jpg/960px-thumbnail.jpg
lw37yh	1	5/55/Kayqubad.jpg/960px-Kayqubad.jpg
es6h9d	3	a/a1/Hayme_ana_turbesi.jpg
q0x6g3	1	0/0b/Scottish_independence_referendum_results.png/960px-Scottish_independence_referendum_results.png
17qppji	1	7/75/Bandeira_do_TRT-1.jpg/960px-Bandeira_do_TRT-1.jpg
lxy6ag	3	9/93/Ertugrul-gazi-1.jpg
16d6vam	1	2/29/Ertu%C4%9Frul_Gazi_T%C3%BCrbesi%27nin_bah%C3%A7esi.JPG/960px-Ertu%C4%9Frul_Gazi_T%C3%BCrbesi%27nin_bah%C3%A7esi.JPG
g0ak5h	1	5/5e/Egirdir_D%C3%BCndar_Bey_Medresesi_in_2012_2982.jpg/960px-Egirdir_D%C3%BCndar_Bey_Medresesi_in_2012_2982.jpg
uilugc	1	6/6a/%C3%87elebi_Mehmet_Camii.JPG/960px-%C3%87elebi_Mehmet_Camii.JPG
1tnto3h	1	6/62/Expansion_of_the_Mongol_Empire_1206%E2%80%931294.gif/960px-Expansion_of_the_Mongol_Empire_1206%E2%80%931294.gif
13gmzru	1	2/29/Ertu%C4%9Frul_Gazi_T%C3%BCrbesi%27nin_bah%C3%A7esi.JPG/960px-Ertu%C4%9Frul_Gazi_T%C3%BCrbesi%27nin_bah%C3%A7esi.JPG
w7j6h0	3	6/62/Georg_Kampffmeyer.png
13djvev	1	6/69/Chift-bashly-qartal-seljuk-dynasty.jpg/960px-Chift-bashly-qartal-seljuk-dynasty.jpg
1lu4l6u	3	9/9d/Ring_and_post_fragment_-_YDEA_-_65087.jpg
1ihw64a	1	3/35/United_Nations_Security_Council.jpg/960px-United_Nations_Security_Council.jpg
1pt62gv	1	6/6a/%C3%87elebi_Mehmet_Camii.JPG/960px-%C3%87elebi_Mehmet_Camii.JPG
z8033z	3	1/10/Tombeau_de_Suleiman_Chah.jpg
1e7g3ju	1	4/4f/Modern_Istanbul_skyline.jpg/960px-Modern_Istanbul_skyline.jpg
m5q323	3	c/ca/Aras_Bulut_%C4%B0ynemli.jpg
9hrwhd	1	a/a8/Imperial_Bank_of_Iran.jpg/960px-Imperial_Bank_of_Iran.jpg
4ixnl3	3	c/c2/Erythrostemon_exostemma.jpg
1gvx08l	1	7/72/Metropolitian_Istanbul_-_Landscapes_of_Turkey_12.jpg/960px-Metropolitian_Istanbul_-_Landscapes_of_Turkey_12.jpg
q11yhd	1	6/65/Gulf_Cartel_and_Los_Zetas_-_March_2010.png/960px-Gulf_Cartel_and_Los_Zetas_-_March_2010.png
nootdg	3	2/29/%D9%8A%D8%A7%D9%85%D8%A7%D8%B4_%D9%83%D9%88%D8%B4%D9%88%D9%81%D8%A7%D9%84%D9%8A.jpg
6u7jcj	1	d/d5/Damla_S%C3%B6nmez_04.jpg/960px-Damla_S%C3%B6nmez_04.jpg
1s1mqyd	1	e/e5/Inboun.jpg/960px-Inboun.jpg
14l1w32	1	8/85/%D8%AD%D9%88%D8%A7%D8%B1_%D9%81%D9%8A_%D9%82%D9%86%D8%A7%D8%A9_%D8%A8%D9%84%D8%AF_%D8%A7%D9%84%D9%81%D8%B6%D8%A7%D8%A6%D9%8A%D8%A9_%D8%AD%D9%88%D9%84_%D8%A7%D9%86%D8%AA%D9%81%D8%A7%D8%B6%D8%A9_%D8%AA%D8%B4%D8%B1%D9%8A%D9%86.jpg/960px-%D8%AD%D9%88%D8%A7%D8%B1_%D9%81%D9%8A_%D9%82%D9%86%D8%A7%D8%A9_%D8%A8%D9%84%D8%AF_%D8%A7%D9%84%D9%81%D8%B6%D8%A7%D8%A6%D9%8A%D8%A9_%D8%AD%D9%88%D9%84_%D8%A7%D9%86%D8%AA%D9%81%D8%A7%D8%B6%D8%A9_%D8%AA%D8%B4%D8%B1%D9%8A%D9%86.jpg
k7fnos	3	8/89/Collazo_Gillick_Torrance_Doha_2010.jpg
izjxxc	1	b/b0/Iraqi_Special_Operations_Forces_%28ISOF%29_March_2020.jpg/960px-Iraqi_Special_Operations_Forces_%28ISOF%29_March_2020.jpg
1twvcop	1	6/65/Gulf_Cartel_and_Los_Zetas_-_March_2010.png/960px-Gulf_Cartel_and_Los_Zetas_-_March_2010.png
tb5cv3	1	a/a8/Imperial_Bank_of_Iran.jpg/960px-Imperial_Bank_of_Iran.jpg
1vm8o9f	3	c/c2/Erythrostemon_exostemma.jpg
1cm735m	3	2/29/%D9%8A%D8%A7%D9%85%D8%A7%D8%B4_%D9%83%D9%88%D8%B4%D9%88%D9%81%D8%A7%D9%84%D9%8A.jpg
1p7edmy	1	6/64/Ercan_Kesal_1310231.JPG/960px-Ercan_Kesal_1310231.JPG
cvqze1	1	6/64/Ercan_Kesal_1310231.JPG/960px-Ercan_Kesal_1310231.JPG
1oja3az	3	8/89/Collazo_Gillick_Torrance_Doha_2010.jpg
4hmam9	1	2/2d/Taipa_Pequena_2000_Circuit_gazebo_17-03-2023%283%29.jpg/960px-Taipa_Pequena_2000_Circuit_gazebo_17-03-2023%283%29.jpg
1087c53	1	7/7b/%D8%A7%DB%8C_%DB%8C%D9%88%D8%B3%D9%81_%D8%AE%D9%88%D8%B4_%D9%86%D8%A7%D9%85_%D9%85%D8%A7_%D8%AE%D9%88%D8%B4_%D9%85%DB%8C_%D8%B1%D9%88%DB%8C_%D8%A8%D8%B1_%D8%A8%D8%A7%D9%85_%D9%85%D8%A7%D8%A7%DB%8C_%D8%AF%D8%B1_%D8%B4%DA%A9%D8%B3%D8%AA_-_panoramio.jpg/960px-%D8%A7%DB%8C_%DB%8C%D9%88%D8%B3%D9%81_%D8%AE%D9%88%D8%B4_%D9%86%D8%A7%D9%85_%D9%85%D8%A7_%D8%AE%D9%88%D8%B4_%D9%85%DB%8C_%D8%B1%D9%88%DB%8C_%D8%A8%D8%B1_%D8%A8%D8%A7%D9%85_%D9%85%D8%A7%D8%A7%DB%8C_%D8%AF%D8%B1_%D8%B4%DA%A9%D8%B3%D8%AA_-_panoramio.jpg
17zwucd	1	4/4f/Modern_Istanbul_skyline.jpg/960px-Modern_Istanbul_skyline.jpg
1fo7xqp	1	c/cf/Black_hole_-_Messier_87.jpg/960px-Black_hole_-_Messier_87.jpg
ukweek	1	1/1c/%D9%81%D8%A7%D9%8A%D8%B2_%D8%B2%D9%8A%D8%AF%D8%A7%D9%86_%D9%81%D8%A7%D9%8A%D8%B2_%D8%B9%D8%A7%D9%85_2021.jpg/960px-%D9%81%D8%A7%D9%8A%D8%B2_%D8%B2%D9%8A%D8%AF%D8%A7%D9%86_%D9%81%D8%A7%D9%8A%D8%B2_%D8%B9%D8%A7%D9%85_2021.jpg
2whl3x	1	e/e5/Inboun.jpg/960px-Inboun.jpg
atbvoi	1	8/85/%D8%AD%D9%88%D8%A7%D8%B1_%D9%81%D9%8A_%D9%82%D9%86%D8%A7%D8%A9_%D8%A8%D9%84%D8%AF_%D8%A7%D9%84%D9%81%D8%B6%D8%A7%D8%A6%D9%8A%D8%A9_%D8%AD%D9%88%D9%84_%D8%A7%D9%86%D8%AA%D9%81%D8%A7%D8%B6%D8%A9_%D8%AA%D8%B4%D8%B1%D9%8A%D9%86.jpg/960px-%D8%AD%D9%88%D8%A7%D8%B1_%D9%81%D9%8A_%D9%82%D9%86%D8%A7%D8%A9_%D8%A8%D9%84%D8%AF_%D8%A7%D9%84%D9%81%D8%B6%D8%A7%D8%A6%D9%8A%D8%A9_%D8%AD%D9%88%D9%84_%D8%A7%D9%86%D8%AA%D9%81%D8%A7%D8%B6%D8%A9_%D8%AA%D8%B4%D8%B1%D9%8A%D9%86.jpg
1j40lua	1	8/85/%D8%AD%D9%88%D8%A7%D8%B1_%D9%81%D9%8A_%D9%82%D9%86%D8%A7%D8%A9_%D8%A8%D9%84%D8%AF_%D8%A7%D9%84%D9%81%D8%B6%D8%A7%D8%A6%D9%8A%D8%A9_%D8%AD%D9%88%D9%84_%D8%A7%D9%86%D8%AA%D9%81%D8%A7%D8%B6%D8%A9_%D8%AA%D8%B4%D8%B1%D9%8A%D9%86.jpg/960px-%D8%AD%D9%88%D8%A7%D8%B1_%D9%81%D9%8A_%D9%82%D9%86%D8%A7%D8%A9_%D8%A8%D9%84%D8%AF_%D8%A7%D9%84%D9%81%D8%B6%D8%A7%D8%A6%D9%8A%D8%A9_%D8%AD%D9%88%D9%84_%D8%A7%D9%86%D8%AA%D9%81%D8%A7%D8%B6%D8%A9_%D8%AA%D8%B4%D8%B1%D9%8A%D9%86.jpg
1090uz7	1	4/4f/Modern_Istanbul_skyline.jpg/960px-Modern_Istanbul_skyline.jpg
hcnh6s	1	7/7d/Antiquities_of_Samarkand._Palace_of_the_Bukharan_Emirs%2C_%22Kok_Tash.%22_Throne_of_the_Emir_Kok_Tash_in_the_Reception_Hall_WDL3609.png/960px-Antiquities_of_Samarkand._Palace_of_the_Bukharan_Emirs%2C_%22Kok_Tash.%22_Throne_of_the_Emir_Kok_Tash_in_the_Reception_Hall_WDL3609.png
eubwa0	1	9/95/Tracy_Caldwell_Dyson_in_Cupola_ISS.jpg/960px-Tracy_Caldwell_Dyson_in_Cupola_ISS.jpg
miczuj	3	9/93/Ertugrul-gazi-1.jpg
c1f8u9	1	c/cf/Black_hole_-_Messier_87.jpg/960px-Black_hole_-_Messier_87.jpg
f6103o	3	2/24/Hong_Kong_-_UFO_Robot_Grendizer_sticker.jpg
7ik5nc	3	7/71/Saladin%27s_imaginary_portrait.jpg
1mh17nl	3	6/65/H%C4%81r%C5%ABn_al-Rash%C4%ABd.png
q4ugbp	3	d/d4/Refaat_Al-Gammal_%28Raafat_al-Haggan%29_Portrait_%283x4_cropped%29.jpg
8sbobi	1	8/85/G-Spot_1_vi.png/960px-G-Spot_1_vi.png
j4o8wh	1	2/2c/Heidi_Titel.jpg/960px-Heidi_Titel.jpg
429lyw	1	8/8d/Magnificent_century.jpg/960px-Magnificent_century.jpg
bw5lre	3	d/d2/Maged_El-Masry.png
fb0vr2	1	2/2c/Heidi_Titel.jpg/960px-Heidi_Titel.jpg
15lq65s	1	f/f3/Maya_en_wickie_plopsa_coo.jpg/960px-Maya_en_wickie_plopsa_coo.jpg
clyfnp	3	d/d8/%D8%B5%D9%88%D8%B1%D8%A9_%D8%A7%D8%AD%D9%85%D8%AF_%D8%B9%D8%B2%D8%AA_%D9%81%D9%8A_%D9%84%D9%8A%D8%A7%D9%84%D9%8A_%D8%A7%D9%84%D8%AD%D9%84%D9%85%D9%8A%D8%A9.jpg
1lay233	1	a/a9/Marco_Asensio_10_Fenerbah%C3%A7e_20260805_%284%29_%28cropped%29.JPG/960px-Marco_Asensio_10_Fenerbah%C3%A7e_20260805_%284%29_%28cropped%29.JPG
1gpf0o0	1	3/3f/Vince_carter_magic_v_raptors.jpg/960px-Vince_carter_magic_v_raptors.jpg
1q0tf95	1	8/85/G-Spot_1_vi.png/960px-G-Spot_1_vi.png
rw0zbf	3	9/96/Forbidden_Love_%281921%29_-_3.jpg
1jnl2wi	3	9/96/Forbidden_Love_%281921%29_-_3.jpg
8db7cg	3	7/77/Nur_ad-Din_Zangi2.jpg
1gf8dep	1	9/98/Remy_LaCroix_2014.jpg/960px-Remy_LaCroix_2014.jpg
v59g82	3	c/c6/%D9%82%D8%A7%D8%AA%D9%84_%D8%A7%D9%84%D8%B4%D9%8A%D8%A7%D8%B7%D9%8A%D9%86.png
1onwogt	3	f/f3/Onepiece-welt_%282%29-ar.png
336t7y	3	7/77/Nur_ad-Din_Zangi2.jpg
4e5yte	1	8/8f/Hawk_of_Quraish_blank.svg/960px-Hawk_of_Quraish_blank.svg.png
1ayjdtc	3	9/9e/Mimar_Sinan%2C_architecte_de_Soliman_le_Magnifique.jpg
nwdiqv	3	d/d2/Maged_El-Masry.png
1rsz9em	1	3/3f/Vince_carter_magic_v_raptors.jpg/960px-Vince_carter_magic_v_raptors.jpg
1fhm9gy	3	d/d8/%D8%B5%D9%88%D8%B1%D8%A9_%D8%A7%D8%AD%D9%85%D8%AF_%D8%B9%D8%B2%D8%AA_%D9%81%D9%8A_%D9%84%D9%8A%D8%A7%D9%84%D9%8A_%D8%A7%D9%84%D8%AD%D9%84%D9%85%D9%8A%D8%A9.jpg
n6y8q5	1	f/f3/Maya_en_wickie_plopsa_coo.jpg/960px-Maya_en_wickie_plopsa_coo.jpg
qlrf83	1	9/99/Conan_Tottori_Liner_in_Yonago_Station_2.jpg/960px-Conan_Tottori_Liner_in_Yonago_Station_2.jpg
tzqsi	1	8/8f/Hawk_of_Quraish_blank.svg/960px-Hawk_of_Quraish_blank.svg.png
d80eyh	3	d/d3/%D8%B1%D8%B3%D9%85_%D8%AA%D8%AE%D9%8A%D9%84%D9%8A_%D8%A7%D9%84%D8%B2%D9%8A%D8%B1_%D8%B3%D8%A7%D9%84%D9%85.jpg
eo0xlx	1	c/c2/InclusiveGameLab_Person-Playing-Nintendo-Switch_1_CC-BY-SA.jpg/960px-InclusiveGameLab_Person-Playing-Nintendo-Switch_1_CC-BY-SA.jpg
1e9t9yu	3	1/1c/Sally_al-As%27ad%2C_Allaith_media_-_Dec_30%2C_2018.jpg
1cgwh2g	3	2/24/Hong_Kong_-_UFO_Robot_Grendizer_sticker.jpg
14nlu97	3	4/45/Heather_Hunter_2001_AVN.jpg
697kue	1	a/a3/Pyrkon_2022_-_Fullmetal_Alchemist.jpg/960px-Pyrkon_2022_-_Fullmetal_Alchemist.jpg
19qg6ix	3	9/93/Ertugrul-gazi-1.jpg
45nyqf	1	c/cf/Black_hole_-_Messier_87.jpg/960px-Black_hole_-_Messier_87.jpg
nrvpjh	1	7/7d/Antiquities_of_Samarkand._Palace_of_the_Bukharan_Emirs%2C_%22Kok_Tash.%22_Throne_of_the_Emir_Kok_Tash_in_the_Reception_Hall_WDL3609.png/960px-Antiquities_of_Samarkand._Palace_of_the_Bukharan_Emirs%2C_%22Kok_Tash.%22_Throne_of_the_Emir_Kok_Tash_in_the_Reception_Hall_WDL3609.png
hd0v10	1	2/25/Abdullah_Al_Juhany_%28Cropped%29.png/960px-Abdullah_Al_Juhany_%28Cropped%29.png
5n0i8l	3	7/70/Hussary.jpg
1ivi5n7	3	1/18/Abdul-Rahman_Al-Sudais_%28Cropped%2C_2011%29.jpg
lu3d8l	3	9/90/Maher_Al_Mueaqly.png
8386p9	3	2/24/%D0%9C%D0%B8%D1%88%D0%B0%D1%80%D0%B8_%D0%A0%D0%B0%D1%88%D0%B8%D0%B4.jpg
a0bxrl	1	8/85/%D9%85%D8%AD%D9%85%D8%AF_%D9%85%D8%B7%D9%8A%D8%B9_%D8%A7%D9%84%D8%AD%D8%A7%D9%81%D8%B8.jpg/960px-%D9%85%D8%AD%D9%85%D8%AF_%D9%85%D8%B7%D9%8A%D8%B9_%D8%A7%D9%84%D8%AD%D8%A7%D9%81%D8%B8.jpg
f1ek6k	1	b/b2/Cantor_Ivan_Taborda.jpg/960px-Cantor_Ivan_Taborda.jpg
1rtrt0v	1	c/c5/Trabzon_vakf%C4%B1kebir_ishakl%C4%B1_k%C3%B6y%C3%BC_1_-_panoramio.jpg/960px-Trabzon_vakf%C4%B1kebir_ishakl%C4%B1_k%C3%B6y%C3%BC_1_-_panoramio.jpg
1etxtdg	3	e/ee/Elminshwey.jpg
wn6n1	3	0/0e/Great_Rifat.jpg
19nn9pm	3	5/55/Mostafa_Ismaeel.jpg
1a77dqh	3	5/5d/Saud_Shuraim_doing_the_Khutbah.png
14ae6r3	1	2/25/Abdullah_Al_Juhany_%28Cropped%29.png/960px-Abdullah_Al_Juhany_%28Cropped%29.png
idahyv	1	4/43/Saad_al_Ghamdi.jpg/960px-Saad_al_Ghamdi.jpg
c99k2t	3	d/d7/Huthaify.jpg
1i9n1zg	3	3/3c/Al-Mu%27tamid_ibn_Abbad_by_Khalil_Gibran.png
18rmmcq	1	8/87/Bandar_Baleela.jpg/960px-Bandar_Baleela.jpg
6focdt	3	d/df/Salah_Ibn_Mohammed_Al_Budair.jpg
1dxm7c5	3	7/70/%D8%B9%D9%85%D8%B1%D9%88_%D8%B9%D8%A8%D8%AF_%D8%A7%D9%84%D8%AC%D9%84%D9%8A%D9%84.png
b6v5pm	1	4/4b/Abu_Bakr_Salem.jpg/960px-Abu_Bakr_Salem.jpg
gk9ckt	1	8/8b/Yasser_Al-Dosari_%28cropped%29.jpg/960px-Yasser_Al-Dosari_%28cropped%29.jpg
18ey4ri	1	c/c4/%EB%8B%A4%ED%9A%8C%EC%9A%A9_%EC%BB%B5_%ED%94%84%EB%A6%AC%EC%82%AC%EC%9D%B4%ED%81%B4%EB%A7%81.jpg/960px-%EB%8B%A4%ED%9A%8C%EC%9A%A9_%EC%BB%B5_%ED%94%84%EB%A6%AC%EC%82%AC%EC%9D%B4%ED%81%B4%EB%A7%81.jpg
14jl498	3	b/bb/Hassan_al-Banna.jpg
10i3nlx	3	f/ff/%D8%B9%D9%84%D9%8A_%D9%85%D8%AD%D9%85%D9%88%D8%AF.jpg
j5uz7c	3	c/ca/Muhammed_Ayub_Khan.JPG
15prpvj	1	9/9e/%D9%86%D8%A7%D9%81%D8%B9_%D8%A7%D9%84%D9%85%D8%AF%D9%86%D9%8A.png/960px-%D9%86%D8%A7%D9%81%D8%B9_%D8%A7%D9%84%D9%85%D8%AF%D9%86%D9%8A.png
vdnou7	1	6/62/Al-baqarah_145_tajwid_nun_tanwin.PNG/960px-Al-baqarah_145_tajwid_nun_tanwin.PNG
1yft30z	1	1/1c/%D8%A3%D8%A8%D9%88_%D8%B9%D9%85%D8%B1%D9%88_%D8%A7%D9%84%D8%A8%D8%B5%D8%B1%D9%8A.png/960px-%D8%A3%D8%A8%D9%88_%D8%B9%D9%85%D8%B1%D9%88_%D8%A7%D9%84%D8%A8%D8%B5%D8%B1%D9%8A.png
1toiktq	3	f/fb/Ragheb_Alama_2014-05-24_04-03.jpg
10ng5nv	1	2/25/Abdullah_Al_Juhany_%28Cropped%29.png/960px-Abdullah_Al_Juhany_%28Cropped%29.png
1qtznru	3	7/70/Hussary.jpg
1dbkhfp	3	1/18/Abdul-Rahman_Al-Sudais_%28Cropped%2C_2011%29.jpg
geopas	3	9/90/Maher_Al_Mueaqly.png
19qdpp7	3	2/24/%D0%9C%D0%B8%D1%88%D0%B0%D1%80%D0%B8_%D0%A0%D0%B0%D1%88%D0%B8%D0%B4.jpg
1221f8r	1	3/35/Old_Town_Aden_Yemen.jpg/960px-Old_Town_Aden_Yemen.jpg
pz12g0	1	e/ea/Al_Oud_cemetery_Riyadh_2026.jpg/960px-Al_Oud_cemetery_Riyadh_2026.jpg
1qo3a81	1	4/4b/Abu_Bakr_Salem.jpg/960px-Abu_Bakr_Salem.jpg
yqloxg	1	1/11/Timezones2011_UTC%2B3.png/960px-Timezones2011_UTC%2B3.png
f5dfdw	3	3/32/Keep_smile_and_enjoy_the_dhol.jpg
gjeknd	3	6/6c/Bass_drum.jpg
8dkwd1	1	9/90/Badminton_pictogram.svg/960px-Badminton_pictogram.svg.png
zjm3n7	1	1/15/%D8%B9%D9%84%D9%8A_%D8%A7%D8%B3%D8%AF%D9%8A_1.JPG/960px-%D8%B9%D9%84%D9%8A_%D8%A7%D8%B3%D8%AF%D9%8A_1.JPG
910ty8	1	e/ed/%D8%A7%D9%84%D9%82%D9%85%D9%86%D8%AF%D8%A7%D9%86%282%29.jpg/960px-%D8%A7%D9%84%D9%82%D9%85%D9%86%D8%AF%D8%A7%D9%86%282%29.jpg
19ez8ef	3	e/ed/%D8%B5%D9%88%D8%B1%D8%A9_%D9%84%D9%81%D9%8A%D8%B5%D9%84_%D8%A8%D9%86_%D8%B3%D9%84%D8%B7%D8%A7%D9%86_%D8%A7%D9%84%D8%AF%D9%88%D9%8A%D8%B4.png
11f9qbh	3	a/ab/Personal_picture_for_Sheikh_Isa_Qassim.jpg
bsm0hf	1	e/ed/%D8%A7%D9%84%D9%82%D9%85%D9%86%D8%AF%D8%A7%D9%86%282%29.jpg/960px-%D8%A7%D9%84%D9%82%D9%85%D9%86%D8%AF%D8%A7%D9%86%282%29.jpg
1flmrc7	3	0/08/Subglottic_stenosis_02.png
uj3kos	1	4/4b/Bara_Yemen.jpg/960px-Bara_Yemen.jpg
vx5ns2	1	6/64/Museo_Pr%C3%ADncipe_Felipe%2C_Ciudad_de_las_Artes_y_las_Ciencias%2C_Valencia%2C_Espa%C3%B1a%2C_2014-06-29%2C_DD_56.JPG/960px-Museo_Pr%C3%ADncipe_Felipe%2C_Ciudad_de_las_Artes_y_las_Ciencias%2C_Valencia%2C_Espa%C3%B1a%2C_2014-06-29%2C_DD_56.JPG
1gvtuuy	1	7/70/Techelsberg_Tibitsch_W%C3%B6rthersee-Rast_an_der_A2-Autobahn_03042015_0659.jpg/960px-Techelsberg_Tibitsch_W%C3%B6rthersee-Rast_an_der_A2-Autobahn_03042015_0659.jpg
dhhklj	1	4/4b/Abu_Bakr_Salem.jpg/960px-Abu_Bakr_Salem.jpg
7hq93w	1	1/18/Al-Hawtah_Lahj.jpg/960px-Al-Hawtah_Lahj.jpg
1gbsbo4	3	d/d6/Nazanin_Bayati_2.jpg
vnv2p3	3	4/43/Ahsan_al-Taqasim_fi_Marifat_al-Aqalim_%281877%29.png
xgbg09	1	f/ff/RENFE_Class_730_Viaducto_Martin_Gil.jpg/960px-RENFE_Class_730_Viaducto_Martin_Gil.jpg
1jaanme	1	e/ed/%D8%A7%D9%84%D9%82%D9%85%D9%86%D8%AF%D8%A7%D9%86%282%29.jpg/960px-%D8%A7%D9%84%D9%82%D9%85%D9%86%D8%AF%D8%A7%D9%86%282%29.jpg
1s0movc	3	a/ab/Personal_picture_for_Sheikh_Isa_Qassim.jpg
1c2qaaw	1	0/02/Listed_building._-_9_Batthy%C3%A1ny_Street%2C_Kecskem%C3%A9t_2016_Hungary.jpg/960px-Listed_building._-_9_Batthy%C3%A1ny_Street%2C_Kecskem%C3%A9t_2016_Hungary.jpg
1ts5dtb	1	a/a2/Biandintz_eta_zaldiak_-_modified2.jpg/960px-Biandintz_eta_zaldiak_-_modified2.jpg
1j2ipc2	1	5/53/The_Headache_%28caricature%29_RMG_PW3879.jpg/960px-The_Headache_%28caricature%29_RMG_PW3879.jpg
3on29a	1	8/83/The_Sun_in_white_light.jpg/960px-The_Sun_in_white_light.jpg
jk4js	3	2/2e/%D9%85%D9%86%D9%8A%D8%B1_%D8%A8%D8%B4%D9%8A%D8%B1_1958.jpg
pct39q	3	3/33/Riad_Sunbati.jpg
1axcc58	1	e/ed/%D8%A7%D9%84%D9%82%D9%85%D9%86%D8%AF%D8%A7%D9%86%282%29.jpg/960px-%D8%A7%D9%84%D9%82%D9%85%D9%86%D8%AF%D8%A7%D9%86%282%29.jpg
7wq9qw	1	3/35/Old_Town_Aden_Yemen.jpg/960px-Old_Town_Aden_Yemen.jpg
e3ykg9	1	1/15/%D8%B9%D9%84%D9%8A_%D8%A7%D8%B3%D8%AF%D9%8A_1.JPG/960px-%D8%B9%D9%84%D9%8A_%D8%A7%D8%B3%D8%AF%D9%8A_1.JPG
1pobe6i	1	4/48/Gay_Pride_Flag.svg/960px-Gay_Pride_Flag.svg.png
16ssght	1	4/4b/Abu_Bakr_Salem.jpg/960px-Abu_Bakr_Salem.jpg
1i8urz3	1	e/ed/%D8%A7%D9%84%D9%82%D9%85%D9%86%D8%AF%D8%A7%D9%86%282%29.jpg/960px-%D8%A7%D9%84%D9%82%D9%85%D9%86%D8%AF%D8%A7%D9%86%282%29.jpg
1c9hmty	3	e/ed/%D8%B5%D9%88%D8%B1%D8%A9_%D9%84%D9%81%D9%8A%D8%B5%D9%84_%D8%A8%D9%86_%D8%B3%D9%84%D8%B7%D8%A7%D9%86_%D8%A7%D9%84%D8%AF%D9%88%D9%8A%D8%B4.png
1u7jpoz	3	a/ab/Personal_picture_for_Sheikh_Isa_Qassim.jpg
1jc9ei0	3	4/41/Spinach_Pastry.jpg
19mrcug	1	c/c7/Coffee_Flowers.JPG/960px-Coffee_Flowers.JPG
wn5ef9	1	7/73/Nakheel-Aliskandaria.JPG/960px-Nakheel-Aliskandaria.JPG
63e74y	1	a/a9/Venice_-_Ice_cream_parlor_-_4017.jpg/960px-Venice_-_Ice_cream_parlor_-_4017.jpg
ipynof	1	7/70/Cicer_arietinum_HabitusFruits_BotGardBln0906a.jpg/960px-Cicer_arietinum_HabitusFruits_BotGardBln0906a.jpg
rkc8cv	1	4/40/%D8%B9%D8%A8%D9%88%D8%A7%D8%AA_%D8%B2%D9%8A%D8%AA_%D8%B2%D9%8A%D8%AA%D9%88%D9%86_%D9%81%D9%8A_%D9%85%D8%B9%D8%B1%D8%B6_%D8%A5%D8%AF%D9%84%D8%A8_%D8%A7%D9%84%D8%B2%D8%B1%D8%A7%D8%B9%D9%8A.jpg/960px-%D8%B9%D8%A8%D9%88%D8%A7%D8%AA_%D8%B2%D9%8A%D8%AA_%D8%B2%D9%8A%D8%AA%D9%88%D9%86_%D9%81%D9%8A_%D9%85%D8%B9%D8%B1%D8%B6_%D8%A5%D8%AF%D9%84%D8%A8_%D8%A7%D9%84%D8%B2%D8%B1%D8%A7%D8%B9%D9%8A.jpg
eea18m	1	0/0b/Arabic_tea.jpg/960px-Arabic_tea.jpg
17880v4	1	a/ae/Kartoffel_pizza_%28with_border%29.jpg/960px-Kartoffel_pizza_%28with_border%29.jpg
1c71t9x	1	8/86/Aleva_paprika.jpg/960px-Aleva_paprika.jpg
17ankom	1	6/68/Saffron_-_premium_spice.jpg/960px-Saffron_-_premium_spice.jpg
xbfuro	3	c/c5/%D8%A7%D9%84%D8%B1%D9%82%D8%A7%D9%82_%D8%A7%D9%84%D8%A8%D8%B3%D9%83%D8%B1%D9%8A.jpg
1lcal9w	1	1/1b/%D8%A7%D9%88%D8%A7%D9%86%D9%8A_%D8%A7%D9%84%D8%AD%D9%84%D9%88%D9%89_%D8%A7%D9%84%D9%81%D8%AE%D8%A7%D8%B1%D9%8A%D8%A9.jpg/960px-%D8%A7%D9%88%D8%A7%D9%86%D9%8A_%D8%A7%D9%84%D8%AD%D9%84%D9%88%D9%89_%D8%A7%D9%84%D9%81%D8%AE%D8%A7%D8%B1%D9%8A%D8%A9.jpg
in73rp	1	a/ad/Lemon_juice.jpg/960px-Lemon_juice.jpg
1ioku1s	3	8/8f/Sokeritoppa.jpg
fma4mu	1	0/0f/Taco_rice_-_Tokyo_area_-_November_9_2016_-_002.jpg/960px-Taco_rice_-_Tokyo_area_-_November_9_2016_-_002.jpg
1aq5egq	1	7/71/Armenian_Harisa.JPG/960px-Armenian_Harisa.JPG
kqcssr	1	3/35/Biryani_Home.jpg/960px-Biryani_Home.jpg
r316js	1	c/c4/Milk_with_shallots_and_parsley.jpg/960px-Milk_with_shallots_and_parsley.jpg
1kn1m2a	1	3/3f/%D8%A7%D9%84%D8%B4%D8%A7%D9%88%D8%B1%D9%85%D8%A7_%D8%A7%D9%84%D8%B3%D9%88%D8%B1%D9%8A.jpg/960px-%D8%A7%D9%84%D8%B4%D8%A7%D9%88%D8%B1%D9%85%D8%A7_%D8%A7%D9%84%D8%B3%D9%88%D8%B1%D9%8A.jpg
2n01u8	1	9/9f/Psidium_guajava_leafbud_26032014.jpg/960px-Psidium_guajava_leafbud_26032014.jpg
1im3iqc	3	1/16/Red_yeast_rice.jpg
1uv1yrz	1	a/a2/Moderne_Fischkonservierung_%28Kiel_46.925%29.jpg/960px-Moderne_Fischkonservierung_%28Kiel_46.925%29.jpg
1lj5161	1	9/9b/Si%C3%A8ge_de_Michelin_%C3%A0_Clermont-Ferrand_II.jpg/960px-Si%C3%A8ge_de_Michelin_%C3%A0_Clermont-Ferrand_II.jpg
ti2ehn	1	f/ff/Cinnamon_Basil_Cary_NC_IMG_4092.jpg/960px-Cinnamon_Basil_Cary_NC_IMG_4092.jpg
kpiqi5	1	3/30/PikiWiki_Israel_19228_Anatolian_Orchid.JPG/960px-PikiWiki_Israel_19228_Anatolian_Orchid.JPG
14mqydb	1	b/b0/%D0%A2%D1%80%D0%B0%D0%BD%D1%81%D0%BF%D1%83%D0%BF%D0%B8%D0%BB%D0%BB%D1%8F%D1%80%D0%BD%D0%B0%D1%8F_%D0%BB%D0%B0%D0%B7%D0%B5%D1%80%D0%BD%D0%B0%D1%8F_%D0%BA%D0%BE%D0%B0%D0%B3%D1%83%D0%BB%D1%8F%D1%86%D0%B8%D1%8F_%D1%81%D0%B5%D1%82%D1%87%D0%B0%D1%82%D0%BA%D0%B8.jpg/960px-%D0%A2%D1%80%D0%B0%D0%BD%D1%81%D0%BF%D1%83%D0%BF%D0%B8%D0%BB%D0%BB%D1%8F%D1%80%D0%BD%D0%B0%D1%8F_%D0%BB%D0%B0%D0%B7%D0%B5%D1%80%D0%BD%D0%B0%D1%8F_%D0%BA%D0%BE%D0%B0%D0%B3%D1%83%D0%BB%D1%8F%D1%86%D0%B8%D1%8F_%D1%81%D0%B5%D1%82%D1%87%D0%B0%D1%82%D0%BA%D0%B8.jpg
1dmoied	1	5/58/Santoku_knife.jpg/960px-Santoku_knife.jpg
vhq9cp	3	3/3c/The_Odeon_Al_Bayda.jpg
reraun	1	1/1b/%D8%B7%D8%A7%D8%AC%D9%8A%D9%86_%D8%A7%D9%84%D8%B3%D8%B1%D8%AF%D9%8A%D9%86..jpg/960px-%D8%B7%D8%A7%D8%AC%D9%8A%D9%86_%D8%A7%D9%84%D8%B3%D8%B1%D8%AF%D9%8A%D9%86..jpg
1p5xfah	1	4/4c/Kabsa.jpg/960px-Kabsa.jpg
njyilg	1	8/8f/Baklava_-_Turkish_special%2C_80-ply.JPEG/960px-Baklava_-_Turkish_special%2C_80-ply.JPEG
19wsqm2	3	4/4a/Brioche.jpg
oswx88	1	f/f7/Cracked_wheat.jpg/960px-Cracked_wheat.jpg
a5z60m	3	5/55/Hordeum-barley.jpg
y4mfvu	1	a/a2/Dattes_deglet_from_Biskra.jpg/960px-Dattes_deglet_from_Biskra.jpg
157qxry	3	9/96/Umm_Kulthum_as_Fatimah.jpg
1i6ixzy	3	8/8d/Abdel_Halim_Hafez.jpg
1dwwlmp	3	1/14/Fairuz_1971.jpg
4asnqb	1	a/aa/Jerash_Festival_2018_34.jpg/960px-Jerash_Festival_2018_34.jpg
1muigq0	3	6/67/Abdulhussain_Abdulredha_2009_%28cropped%29_version.jpg
19ju6fp	3	d/d9/Hayat_Al-Fahad_%282010%29.jpg
1nzbuiv	3	2/2a/MahmoudDarwish.jpg
mz4wkp	3	d/d6/Nizar_qabbani_01.jpg
l9y3or	3	f/ff/Muhammad_Abduh.jpg
157tis3	3	d/d4/Adel_Imam_2009_cropped.jpg
wagriz	3	6/64/Faten_Hamama.jpg
4hj10u	3	9/91/Omar_Sharif_1963.JPG
1h0yzyt	1	8/84/Amr_Diab_With_World_Music_Awards.jpg/960px-Amr_Diab_With_World_Music_Awards.jpg
z32o9z	3	b/bf/Nancy_Ajram_-_Bahrain_Concert_2010_-_Dec_4%2C_2010.jpg
zc8o6m	3	6/67/Abdulhussain_Abdulredha_2009_%28cropped%29_version.jpg
1pk7zsk	3	2/2a/Youssef_Chahine_in_Cairo_1986.jpg
pceoyh	3	f/fb/Kazem_Main.jpg
1wa9yzz	3	b/b5/Fahd_of_Saudi_Arabia_Portrait.jpg
1lwct4d	3	4/40/Souad_Abdullah_2008_-_1.jpg
lrijyw	1	a/a7/Ahmed_Zewail_HD2009_Othmer_Gold_Medal_portrait.JPG/960px-Ahmed_Zewail_HD2009_Othmer_Gold_Medal_portrait.JPG
ko18xv	3	2/2f/M_Yacoub.JPG
76d8qu	1	9/9e/Tawakkol_Karman_Photo.jpg/960px-Tawakkol_Karman_Photo.jpg
p6lrn1	3	3/34/Kahlil_Gibran_1913.jpg
u6dhpn	3	a/ae/Tayeb_saleh.jpg
qw91s0	3	b/b5/Sayab0.jpg
15e6bkk	3	4/4b/Abdel_wahab.jpg
1psp3c0	3	3/37/%D8%A7%D9%84%D9%81%D9%86%D8%A7%D9%86_%D8%B7%D9%84%D8%A7%D9%84_%D9%85%D8%AF%D8%A7%D8%AD.png
1xjn8mb	3	a/a7/Hussain_al-Jassmi%2C_Layali_Al_Qassim_concert%2C_Buraidah_-_Jan_15%2C_2020.jpg
191qt8j	3	6/60/Sultan_bin_Salman.jpg
12jv84y	1	4/42/Hazzaa_AlMansoori.jpg/960px-Hazzaa_AlMansoori.jpg
rxncz	1	5/59/Qatar_diplomatic_crisis.svg/960px-Qatar_diplomatic_crisis.svg.png
1mxwc4f	3	9/9a/TahaHussein.jpg
1083djn	3	d/d4/Malek_Bennabi.png
182i62g	3	9/90/Zaha_Hadid_in_Heydar_Aliyev_Cultural_center_in_Baku_nov_2013_%28cropped%29.jpg
suyo87	3	2/2a/Gedo1.jpg
1b0uu9t	3	1/14/Khalid_al_Faisal.jpg
1a0m41w	1	a/a4/Official_Portrait_-_Anwar_Sadat.jpg/960px-Official_Portrait_-_Anwar_Sadat.jpg
muj7c7	3	b/b6/Hrc_kuwait2.jpg
4goh52	3	d/dd/Al-Khwarizmi_portrait.jpg
ii4k5s	1	e/eb/Artemisia_absinthium_P1210748.jpg/960px-Artemisia_absinthium_P1210748.jpg
10ylcdm	3	4/46/Ibn_%E1%B9%ACufail%2C_Sayr_mulhimah_min_al-Sharq_wa-al-Gharb.png
1nvq62m	1	a/a4/Bust_of_Ibn_Battuta_at_Ibn_Battuta_museum.jpg/960px-Bust_of_Ibn_Battuta_at_Ibn_Battuta_museum.jpg
b7qjej	3	7/77/Al-Zahrawi_Portrait.jpg
1mptow4	3	d/da/Ibn_Al_Nafis_statue.jpg
10i8c21	3	9/90/Ibn_Khald%C5%ABn%2C_Sayr_mulhimah_min_al-Sharq_wa-al-Gharb.png
1x7vjqp	1	e/ef/Valada_Cartaxo_04.jpg/960px-Valada_Cartaxo_04.jpg
1jtxxfx	3	d/d2/Solid_white.png
1i6i67d	3	3/3d/Corredor_no_paseo_mar%C3%ADtimo_da_Coru%C3%B1a.jpg
id4klp	1	a/af/Romualdo-Locatelli-Ecstasy-photo-credits-Christies-crop-c0-5_0-5-555x312-70.jpg/960px-Romualdo-Locatelli-Ecstasy-photo-credits-Christies-crop-c0-5_0-5-555x312-70.jpg
zp0gjd	1	c/cf/Black_hole_-_Messier_87.jpg/960px-Black_hole_-_Messier_87.jpg
y3vjt	3	c/c3/Brachymetatarsia%2C_fourth_metatarsal_bone%2C_X-ray.jpg
cv58bx	3	a/a1/Cloud_base_%28cropped%29.jpg
znthe4	1	6/60/Casa_finance_city_6.jpg/960px-Casa_finance_city_6.jpg
xko5qx	3	5/59/Queensland_Bottle_Tree_2.jpg
1fshbfu	1	c/c9/Giorgione_-_Three_Ages_of_Man_-_Palazzo_Pitti.jpg/960px-Giorgione_-_Three_Ages_of_Man_-_Palazzo_Pitti.jpg
khjqfm	1	c/c2/Doulos_SIL_%E2%80%94_%CA%80.svg/960px-Doulos_SIL_%E2%80%94_%CA%80.svg.png
jwlx62	3	4/44/White_Bellbird-Araponga-da-amaz%C3%B4nia-Campanero_blanco_%28Procnias_albus%29_male_%28cropped%29.jpg
1wzy976	1	0/0f/Chelmon_rostratus_Kupferstreifen-Pinzettfisch.jpg/960px-Chelmon_rostratus_Kupferstreifen-Pinzettfisch.jpg
1fv4osa	3	3/33/Statue_de_Okba_ibn_Nafi_al_Fihri_en_Alg%C3%A9rie.jpg
wz657h	1	8/82/Shadows-in-the-sand.jpg/960px-Shadows-in-the-sand.jpg
1v2wwzn	3	e/e6/Shortwave_Radiation.jpg
10fyjww	1	d/d7/Gold-crystals.jpg/960px-Gold-crystals.jpg
q3voo	3	a/a1/Cloud_base_%28cropped%29.jpg
etsetd	1	e/ef/Drum_for_cultural_dance.jpg/960px-Drum_for_cultural_dance.jpg
qyx36d	3	8/89/Al-Khader.jpg
1i8d2pc	1	a/ad/Patent_%D8%A8%D8%B1%D8%A7%D8%A1%D8%A9_%D8%A7%D9%84%D8%A7%D8%AE%D8%AA%D8%B1%D8%A7%D8%B9.jpg/960px-Patent_%D8%A8%D8%B1%D8%A7%D8%A1%D8%A9_%D8%A7%D9%84%D8%A7%D8%AE%D8%AA%D8%B1%D8%A7%D8%B9.jpg
wa8fyt	5	ar/c/c2/Aljoua.jpg
18vvv91	1	d/d2/Ifpo_22352_Syrie_du_Nord%2C_gouvernorat_d%27Alep%2C_district_d%27al-Bab%2C_al-Bab%2C_vue_a%C3%A9rienne_oblique_%28cropped%29.jpg/960px-Ifpo_22352_Syrie_du_Nord%2C_gouvernorat_d%27Alep%2C_district_d%27al-Bab%2C_al-Bab%2C_vue_a%C3%A9rienne_oblique_%28cropped%29.jpg
1t5u2zk	3	a/a3/FW82.jpg
a8uic8	3	d/d3/%D8%B4%D8%AC%D8%B1%D8%A9_%D8%A7%D9%84%D9%85%D9%87%D9%8A%D8%B1%D8%A7%D8%AA_%D8%A7%D9%84%D8%A8%D9%88%D8%AD%D8%B3%D9%86.jpg
1pz414j	1	5/56/John_Henry_Fuseli_-_The_Nightmare.JPG/960px-John_Henry_Fuseli_-_The_Nightmare.JPG
oa7a18	1	4/4b/AustroAsiatic_tree_Peiros2004.png/960px-AustroAsiatic_tree_Peiros2004.png
18owbdq	1	2/21/Always_Be_Sure_of_the_Number_-_Wisconsin_Telephone_Company_ad%2C_1916.png/960px-Always_Be_Sure_of_the_Number_-_Wisconsin_Telephone_Company_ad%2C_1916.png
1b1644o	1	7/77/Tupinamb%C3%A1_cannibals_%28de_Bry%2C_1593%29.jpg/960px-Tupinamb%C3%A1_cannibals_%28de_Bry%2C_1593%29.jpg
1j69lgk	3	2/2e/Earth_to_Sun_-_en.png
c3ogua	1	3/31/CH.ZH.Affoltern-am-Albis_2024-03-30_road-bike-racing.jpg/960px-CH.ZH.Affoltern-am-Albis_2024-03-30_road-bike-racing.jpg
14rrgg8	3	6/60/%D9%83%D9%85%D8%A7_%D8%AA%D8%AF%D9%8A%D9%86_%D8%AA%D8%AF%D8%A7%D9%86.jpg
1cxva67	1	b/bc/Naaldvoerder_Mayo-hegar.jpg/960px-Naaldvoerder_Mayo-hegar.jpg
1rw7d1k	1	4/45/Blind_monks_examining_an_elephant.jpg/960px-Blind_monks_examining_an_elephant.jpg
jyz0mk	1	6/6f/El_Gobba.jpg/960px-El_Gobba.jpg
1klvunc	3	3/3a/Daylight_saving_time_end_UTC%2B2.png
d8rse2	1	c/c9/Giorgione_-_Three_Ages_of_Man_-_Palazzo_Pitti.jpg/960px-Giorgione_-_Three_Ages_of_Man_-_Palazzo_Pitti.jpg
ulgc83	1	d/d6/NASA%27s_DC-8_Flying_Over_the_Weddell_Sea.jpg/960px-NASA%27s_DC-8_Flying_Over_the_Weddell_Sea.jpg
p02q9p	3	4/4d/%D8%A7%D8%B3%D9%85_%D8%A7%D9%84%D8%AD%D8%A7%D8%B1%D8%AB_%D8%A8%D9%86_%D9%81%D9%87%D8%B1_%D9%85%D8%AE%D8%B7%D8%B7.jpg
1f797q5	3	9/96/Bacchiacca_-_Moses_Striking_the_Rock.jpg
12hgoz	1	2/20/Ten_years_later%2C_being_the_adventures_of_the_Vicomte_de_Bragelonne_%281910%29_%2814589639729%29.jpg/960px-Ten_years_later%2C_being_the_adventures_of_the_Vicomte_de_Bragelonne_%281910%29_%2814589639729%29.jpg
ubegop	1	c/cf/Black_hole_-_Messier_87.jpg/960px-Black_hole_-_Messier_87.jpg
6nq55g	3	a/ac/Mohammed_Hamza_Al-Zubeidi.jpg
1cg3gop	1	9/94/Bikini_Atoll_2001-01-14%2C_Landsat_7_ETM%2B%2C_bands_3-2-1-8.png/960px-Bikini_Atoll_2001-01-14%2C_Landsat_7_ETM%2B%2C_bands_3-2-1-8.png
bq0ji3	1	3/37/A_square_of_shrimp_paste_from_Hung_Kee_store.jpg/960px-A_square_of_shrimp_paste_from_Hung_Kee_store.jpg
10udcvf	3	8/84/Diamond_trevally_juvenile.jpg
2p9po5	1	3/36/%D9%85%D8%AC%D8%B3%D9%85_%D9%84%D8%B3%D9%81%D9%8A%D9%86%D8%A9_%D8%A7%D9%84%D9%86%D9%88%D8%AE%D8%B0%D8%A9.jpg/960px-%D9%85%D8%AC%D8%B3%D9%85_%D9%84%D8%B3%D9%81%D9%8A%D9%86%D8%A9_%D8%A7%D9%84%D9%86%D9%88%D8%AE%D8%B0%D8%A9.jpg
urs26t	1	9/98/Cern_datacenter.jpg/960px-Cern_datacenter.jpg
760q8u	1	a/ab/The_capture_of_the_Portuguese_carrack_of_St._Thom%C3%A9.jpg/960px-The_capture_of_the_Portuguese_carrack_of_St._Thom%C3%A9.jpg
yibcbq	1	6/68/Submarine_M-296_2016_G2.jpg/960px-Submarine_M-296_2016_G2.jpg
oqchqe	3	b/bc/Au%C3%9Fenministerin_Beate_Meinl-Reisinger_empfing_OPEC-Generalsekret%C3%A4r_Haitham_Al_Ghais%2C_2025-05-05_-_MGR3596_%28cropped%29.jpg
1qa18g8	1	b/be/PersianGulf_vue_satellite_du_golfe_persique.jpg/960px-PersianGulf_vue_satellite_du_golfe_persique.jpg
6oa72o	3	a/a4/%D9%85%D8%B1%D8%AA%D8%B6%DB%8C_%D8%AE%D9%84%D8%AC_%D8%A7%D9%84%D8%A8%D9%88%D9%85.jpg
1m3sle3	3	9/9c/%D8%B4%D8%B9%D8%A7%D8%B1_%D8%A7%D9%84%D8%AD%D8%B2%D8%A8_%D8%A7%D9%84%D8%B4%D9%88%D8%B9%D9%8A_%D8%A7%D9%84%D8%B3%D9%88%D8%B1%D9%8A_%28%D8%A7%D9%84%D9%85%D9%83%D8%AA%D8%A8_%D8%A7%D9%84%D8%B3%D9%8A%D8%A7%D8%B3%D9%8A%29.png
uw1z1i	1	7/79/%D9%83%D9%84%D9%8A%D8%A9_%D8%A7%D9%84%D8%AE%D9%84%D9%8A%D8%AC.jpg/960px-%D9%83%D9%84%D9%8A%D8%A9_%D8%A7%D9%84%D8%AE%D9%84%D9%8A%D8%AC.jpg
pmeyuk	3	5/5e/Sccom_u0.gif
1k9dura	1	3/3d/%D8%A7%D9%84%D8%B8%D9%87%D8%B1%D8%A7%D9%86_%D8%A7%D9%84%D8%AF%D8%A7%D9%86%D8%A9_-_panoramio.jpg/960px-%D8%A7%D9%84%D8%B8%D9%87%D8%B1%D8%A7%D9%86_%D8%A7%D9%84%D8%AF%D8%A7%D9%86%D8%A9_-_panoramio.jpg
18wgax4	3	7/75/%D8%B1%D8%A7%D8%B3_%D9%85%D8%AD%D9%85%D8%AF.jpg
1078fsl	1	3/32/Eating_Cake_%283132108220%29.jpg/960px-Eating_Cake_%283132108220%29.jpg
10ecdpn	3	d/d9/Wadih_El_Safi.jpg
tkglqg	1	c/c9/Sirius_A_and_B_artwork.jpg/960px-Sirius_A_and_B_artwork.jpg
z9if1t	1	0/09/Kuwait_Airways_A330-841%2C_9K-APG%2C_named_Al_Sanbouk_%D8%A7%D9%84%D8%B3%D9%86%D8%A8%D9%88%D9%83%2C_MSN_1969_%2807_2020%29%2C_as_KU_168_Paris_%28CDG%29_-_Kuwait_City_%28KWI%29%2C_Flight_time_5_20_%2852900890428%29.jpg/960px-thumbnail.jpg
1jz0rr2	3	3/3b/Bulimia_Nervosa.jpg
mcfzll	1	d/dc/Operation_Inherent_Resolve_150303-N-TP834-245.jpg/960px-Operation_Inherent_Resolve_150303-N-TP834-245.jpg
x6t1ne	1	a/ad/Lipan_podhorn%C3%AD_na_mo%C5%A1ce.jpg/960px-Lipan_podhorn%C3%AD_na_mo%C5%A1ce.jpg
57e7ch	3	6/66/Ahmad_ali_aldeyain.jpg
6km2my	3	3/3c/%27Abd_al-Ilah_of_Hejaz.jpg
1k0vdtd	5	ar/0/07/Allah-eser-green_New_version.png
ob9rfm	1	7/75/Doppelter_Muskefaserriss_am_Oberschenkel.jpg/960px-Doppelter_Muskefaserriss_am_Oberschenkel.jpg
1bwozq	1	e/e9/%D8%AE%D8%A7%D9%84%D8%AF_%D8%A7%D8%AD%D9%85%D8%AF_%D8%AD%D8%B3%D9%86_%D8%A7%D9%84%D9%82%D9%84%D8%A7%D9%81.png/960px-%D8%AE%D8%A7%D9%84%D8%AF_%D8%A7%D8%AD%D9%85%D8%AF_%D8%AD%D8%B3%D9%86_%D8%A7%D9%84%D9%82%D9%84%D8%A7%D9%81.png
1usx79c	3	f/fd/Mule-jenny.jpg
1nbeb92	1	6/61/%D8%B5%D9%88%D8%B1%D8%A9_%D8%B4%D8%AE%D8%B5%D9%8A%D8%A9_%D9%87%D9%8A%D8%AB%D9%85_%D8%A7%D9%84%D9%85%D8%A7%D9%84%D8%AD.jpg/960px-%D8%B5%D9%88%D8%B1%D8%A9_%D8%B4%D8%AE%D8%B5%D9%8A%D8%A9_%D9%87%D9%8A%D8%AB%D9%85_%D8%A7%D9%84%D9%85%D8%A7%D9%84%D8%AD.jpg
ifo9v1	3	0/09/Broken_rice_bris%C3%A9e_%28cropped%29.jpg
1jk1xv3	5	ar/b/b6/Allah-high-blue.png
hre9pm	3	7/76/Kwnmuseum.jpg
15jim0a	1	d/d7/Order_of_the_Virtues_Nishan_al_Kemal_Egypt.jpg/960px-Order_of_the_Virtues_Nishan_al_Kemal_Egypt.jpg
ezf1f3	3	4/42/N%C3%A9gociant_musulman_de_Mascate.jpg
vru9sa	3	6/63/Order_of_the_Polar_Star_Grand_Cross.jpg
ciy5u	1	d/dd/%D8%AA%D8%AE%D8%B7%D9%8A%D8%B7_%D9%83%D9%84%D9%85%D8%A9_%D8%A7%D9%84%D8%A5%D8%B3%D9%84%D8%A7%D9%85.png/960px-%D8%AA%D8%AE%D8%B7%D9%8A%D8%B7_%D9%83%D9%84%D9%85%D8%A9_%D8%A7%D9%84%D8%A5%D8%B3%D9%84%D8%A7%D9%85.png
1hcvhk7	1	1/13/Avenues_coastline%2C_Bahrain.jpg/960px-Avenues_coastline%2C_Bahrain.jpg
z1hxk8	3	9/92/Marina_lake_haddara.jpg
d3n58l	4	ar/thumb/4/42/Al_Hamra_Tower.jpg/960px-Al_Hamra_Tower.jpg
6jfxfj	3	0/0c/Kuwait_City_-_Night_view.jpg
1rwwj0c	1	1/15/Kuwait_City_Souq_al-Mubarakeya_at_Night_01.jpg/960px-Kuwait_City_Souq_al-Mubarakeya_at_Night_01.jpg
128y27s	1	c/c4/Flagge_Rhein-Lahn-Kreis.svg/960px-Flagge_Rhein-Lahn-Kreis.svg.png
9297rv	4	ar/thumb/4/42/Al_Hamra_Tower.jpg/960px-Al_Hamra_Tower.jpg
15ivtyn	3	3/3f/Kuwait_landmark_AlKout_Mall_shopping_Center_2013-06-13_16-38.jpg
1qgnftg	1	1/15/Kuwait_City_Souq_al-Mubarakeya_at_Night_01.jpg/960px-Kuwait_City_Souq_al-Mubarakeya_at_Night_01.jpg
4s5elp	1	3/3c/Dendera_7_977.PNG/960px-Dendera_7_977.PNG
19c429w	1	2/29/AlSalhyia_Street.png/960px-AlSalhyia_Street.png
1p3zn9q	1	2/27/Beit_alqurain_2.JPG/960px-Beit_alqurain_2.JPG
otvwq2	1	d/df/Kuwait_towers.jpg/960px-Kuwait_towers.jpg
t3dbko	3	d/da/LiberationTower.jpg
15hlp7f	3	7/79/The_Avenues%2C_Harare.jpg
ruwf40	1	5/53/Pyramids_Mosque%2C_Salmiya%2C_Kuwait_City%2C_Kuwait_01.jpg/960px-Pyramids_Mosque%2C_Salmiya%2C_Kuwait_City%2C_Kuwait_01.jpg
bi9a0s	1	c/c1/Grand_Hyatt_Hotel_New_York.jpg/960px-Grand_Hyatt_Hotel_New_York.jpg
fk47sj	1	9/93/East_of_England_in_England.svg/960px-East_of_England_in_England.svg.png
6onw6w	3	9/92/Marina_lake_haddara.jpg
nm7dt3	1	1/15/Kuwait_City_Souq_al-Mubarakeya_at_Night_01.jpg/960px-Kuwait_City_Souq_al-Mubarakeya_at_Night_01.jpg
1ykqkrx	1	8/82/Hawalli_in_Kuwait.svg/960px-Hawalli_in_Kuwait.svg.png
vt9ad8	3	3/3f/Kuwait_landmark_AlKout_Mall_shopping_Center_2013-06-13_16-38.jpg
1gyn94g	1	c/c4/Flagge_Rhein-Lahn-Kreis.svg/960px-Flagge_Rhein-Lahn-Kreis.svg.png
932ppw	3	7/74/Irakli_Okruashvili.jpg
1ioiubu	1	7/7b/%D8%B4%D8%B1%D9%83%D9%87_%D9%83%D8%B4%D9%81_%D8%AA%D8%B3%D8%B1%D8%A8%D8%A7%D8%AA_%D8%A7%D9%84%D9%85%D9%8A%D8%A7%D9%87_%D8%A8%D8%A7%D9%84%D8%B1%D9%8A%D8%A7%D8%B6.jpg/960px-%D8%B4%D8%B1%D9%83%D9%87_%D9%83%D8%B4%D9%81_%D8%AA%D8%B3%D8%B1%D8%A8%D8%A7%D8%AA_%D8%A7%D9%84%D9%85%D9%8A%D8%A7%D9%87_%D8%A8%D8%A7%D9%84%D8%B1%D9%8A%D8%A7%D8%B6.jpg
1j40zq6	4	ar/thumb/4/42/Al_Hamra_Tower.jpg/960px-Al_Hamra_Tower.jpg
57ycl1	3	1/1f/Songhwa_Street_Main_Tower.png
85z7bf	1	0/0a/Opecrev.gif/960px-Opecrev.gif
q8cu0	1	1/13/Avenues_coastline%2C_Bahrain.jpg/960px-Avenues_coastline%2C_Bahrain.jpg
7t5vpc	1	d/df/Salmiya_main_street.jpg/960px-Salmiya_main_street.jpg
2mjevb	1	9/9c/Arabian_Gulf_Street.JPG/960px-Arabian_Gulf_Street.JPG
riuaf3	1	1/15/Kuwait_City_Souq_al-Mubarakeya_at_Night_01.jpg/960px-Kuwait_City_Souq_al-Mubarakeya_at_Night_01.jpg
1qk669f	1	a/af/360_Mall_in_Kuwait_City.jpg/960px-360_Mall_in_Kuwait_City.jpg
1203211	1	1/15/Kuwait_City_Souq_al-Mubarakeya_at_Night_01.jpg/960px-Kuwait_City_Souq_al-Mubarakeya_at_Night_01.jpg
djlcxv	1	7/75/Blue_Mosque_-_4.jpg/960px-Blue_Mosque_-_4.jpg
mes9mn	1	b/b7/Harvesting_beans_%285762966966%29.jpg/960px-Harvesting_beans_%285762966966%29.jpg
r8227d	1	3/3c/%D8%B3%D9%88%D9%82_%D8%A7%D9%84%D8%AC%D9%85%D8%B9%D8%A9_%D8%B9%D9%85%D8%A7%D9%86.jpg/960px-%D8%B3%D9%88%D9%82_%D8%A7%D9%84%D8%AC%D9%85%D8%B9%D8%A9_%D8%B9%D9%85%D8%A7%D9%86.jpg
4m4496	3	0/0c/Kuwait_City_-_Night_view.jpg
1bepu5y	1	9/9b/Kuwait%2C_administrative_divisions_-_ar_-_colored.svg/960px-Kuwait%2C_administrative_divisions_-_ar_-_colored.svg.png
12zd1ka	1	8/82/Hawalli_in_Kuwait.svg/960px-Hawalli_in_Kuwait.svg.png
uvlirz	1	2/29/Sunset_%2837519692%29.jpeg/960px-Sunset_%2837519692%29.jpeg
1qt3fee	3	c/ca/Failaka_Island_2.JPG
106k9c2	1	6/67/Mubarak_Al-Kabeer_in_Kuwait.svg/960px-Mubarak_Al-Kabeer_in_Kuwait.svg.png
3y2sv7	3	9/97/Kuwait_montage.png
10wjoc9	1	4/42/Al_Ahmadi_in_Kuwait.svg/960px-Al_Ahmadi_in_Kuwait.svg.png
xjiscb	3	5/59/Kuwait-Al_Farwaniyah.png
750y7w	1	d/d0/Makkah_Region_-_Makkah_Al_Mukarramah.svg/960px-Makkah_Region_-_Makkah_Al_Mukarramah.svg.png
o893u	3	3/30/BubiyanLocation.PNG
qut7bj	1	8/82/Hawalli_in_Kuwait.svg/960px-Hawalli_in_Kuwait.svg.png
1g2qjjs	1	6/67/Mubarak_Al-Kabeer_in_Kuwait.svg/960px-Mubarak_Al-Kabeer_in_Kuwait.svg.png
i8mnya	3	5/59/Kuwait-Al_Farwaniyah.png
1nrl95u	1	4/42/Al_Ahmadi_in_Kuwait.svg/960px-Al_Ahmadi_in_Kuwait.svg.png
1gwezfx	1	2/29/Sunset_%2837519692%29.jpeg/960px-Sunset_%2837519692%29.jpeg
eesfnx	1	7/77/Kuwait_cosmopolis_-_don%27t_miss_the_details_-_zoom_in_%28540280595%29.jpg/960px-Kuwait_cosmopolis_-_don%27t_miss_the_details_-_zoom_in_%28540280595%29.jpg
ch0wf3	1	c/c8/Carmuseumq8.jpg/960px-Carmuseumq8.jpg
vvve47	1	a/a5/Wafra_Village_in_Kuwait.jpg/960px-Wafra_Village_in_Kuwait.jpg
1no7nag	3	3/37/Amman_district_09.png
m31j5s	3	3/30/Sabah_Al_Ahmad_Sea_City_-_Phase_A3_Aerial_Shot.JPG
1gtp4p9	3	1/13/Princes_Islands.png
9sh3j9	3	9/9d/Auhah%2C_Kuwait%2C_Sentinel-2.jpg
yajq08	1	2/21/ISS067-E-1156_-_View_of_Earth_-_Bubiyan_Island_-_Persian_Gulf_-_Umm_Kasr_%28cropped%29.jpg/960px-ISS067-E-1156_-_View_of_Earth_-_Bubiyan_Island_-_Persian_Gulf_-_Umm_Kasr_%28cropped%29.jpg
1ibdyiz	1	6/61/Kubbar_island--Aug_2013.jpg/960px-Kubbar_island--Aug_2013.jpg
1paq5vy	1	9/9b/Charguia1.JPG/960px-Charguia1.JPG
4u1m0k	3	5/59/Kuwait-Al_Farwaniyah.png
5an01m	1	4/42/Al_Ahmadi_in_Kuwait.svg/960px-Al_Ahmadi_in_Kuwait.svg.png
6g9wkr	3	9/91/Jahra-castle.jpg
v6wqiu	3	9/91/Jahra-castle.jpg
1kg3ql7	1	9/98/%D8%AD%D8%B6%D8%B1%D8%A9_%D8%B5%D8%A7%D8%AD%D8%A8_%D8%A7%D9%84%D8%B3%D9%85%D9%88_%D8%A7%D9%84%D8%B4%D9%8A%D8%AE_%D8%AC%D8%A7%D8%A8%D8%B1_%D8%A7%D9%84%D8%A3%D8%AD%D9%85%D8%AF_%D8%A7%D9%84%D8%B5%D8%A8%D8%A7%D8%AD_%D8%A3%D9%85%D9%8A%D8%B1_%D8%AF%D9%88%D9%84%D8%A9_%D8%A7%D9%84%D9%83%D9%88%D9%8A%D8%AA.jpg/960px-%D8%AD%D8%B6%D8%B1%D8%A9_%D8%B5%D8%A7%D8%AD%D8%A8_%D8%A7%D9%84%D8%B3%D9%85%D9%88_%D8%A7%D9%84%D8%B4%D9%8A%D8%AE_%D8%AC%D8%A7%D8%A8%D8%B1_%D8%A7%D9%84%D8%A3%D8%AD%D9%85%D8%AF_%D8%A7%D9%84%D8%B5%D8%A8%D8%A7%D8%AD_%D8%A3%D9%85%D9%8A%D8%B1_%D8%AF%D9%88%D9%84%D8%A9_%D8%A7%D9%84%D9%83%D9%88%D9%8A%D8%AA.jpg
1vaaeue	1	b/bf/Saray_El-Qubba_Garden.JPG/960px-Saray_El-Qubba_Garden.JPG
swxkja	1	9/9b/Charguia1.JPG/960px-Charguia1.JPG
1gi3v5p	1	c/c8/Carmuseumq8.jpg/960px-Carmuseumq8.jpg
10ihwm6	3	3/39/Mohammad_Sabah_Al-Salem_Al-Sabah.jpg
1yn7jcs	1	d/dd/26th_December_2019_solar_eclipse_as_viewed_in_Kuwait.jpg/960px-26th_December_2019_solar_eclipse_as_viewed_in_Kuwait.jpg
jnfy2j	1	a/a5/Arabian_Red_Fox_with_Juvenile.jpg/960px-Arabian_Red_Fox_with_Juvenile.jpg
1cb8k2v	4	ar/thumb/1/1c/%D9%85%D8%AF%D8%AE%D9%84_%D9%85%D9%86%D9%81%D8%B0_%D8%A7%D9%84%D8%B9%D8%A8%D8%AF%D9%84%D9%8A_%D8%A7%D9%84%D9%83%D9%88%D9%8A%D8%AA%D9%8A.jpg/960px-%D9%85%D8%AF%D8%AE%D9%84_%D9%85%D9%86%D9%81%D8%B0_%D8%A7%D9%84%D8%B9%D8%A8%D8%AF%D9%84%D9%8A_%D8%A7%D9%84%D9%83%D9%88%D9%8A%D8%AA%D9%8A.jpg
4v58vm	3	5/52/Kuwait_ESA21888966_%28Kuwait_Bay%29_%28cropped_to_Shuwaikh_Island%29.jpg
vurpjg	5	ar/2/24/Mbarkyiah.jpg
1ilcvpa	1	4/42/Al_Ahmadi_in_Kuwait.svg/960px-Al_Ahmadi_in_Kuwait.svg.png
1ig9v23	3	2/23/Adolf_Hitler_1938_Portrait_%283x4_cropped%29.jpg
1resi8w	1	9/9c/Arabian_Gulf_Street.JPG/960px-Arabian_Gulf_Street.JPG
h0kgdg	1	4/42/Al_Ahmadi_in_Kuwait.svg/960px-Al_Ahmadi_in_Kuwait.svg.png
154tzq7	3	c/ca/Failaka_Island_2.JPG
4dq0i3	1	c/c4/Anthony_van_Dyck_-_Daedalus_and_Icarus_-_Google_Art_Project.jpg/960px-Anthony_van_Dyck_-_Daedalus_and_Icarus_-_Google_Art_Project.jpg
8ldzfp	1	b/bc/Fortaleza_de_Bam%2C_Ir%C3%A1n%2C_2016-09-23%2C_DD_09.jpg/960px-Fortaleza_de_Bam%2C_Ir%C3%A1n%2C_2016-09-23%2C_DD_09.jpg
fvk6sn	1	2/2d/Meteosat-12-fci-march-equinox-2025-noon.jpg/960px-Meteosat-12-fci-march-equinox-2025-noon.jpg
1pm1gf4	1	8/83/The_Sun_in_white_light.jpg/960px-The_Sun_in_white_light.jpg
1f2by1r	1	e/e1/FullMoon2010.jpg/960px-FullMoon2010.jpg
aecb3e	1	0/0c/Mars_-_August_30_2021_-_Flickr_-_Kevin_M._Gill.png/960px-Mars_-_August_30_2021_-_Flickr_-_Kevin_M._Gill.png
t8069w	1	4/43/ESO-VLT-Laser-phot-33a-07.jpg/960px-ESO-VLT-Laser-phot-33a-07.jpg
aahndb	1	f/f1/Zahle%2CLebanon.JPG/960px-Zahle%2CLebanon.JPG
17znwlq	1	a/a8/EPCOT_MissionSpace.jpg/960px-EPCOT_MissionSpace.jpg
1afztzz	1	4/4a/Mercury_in_true_color.jpg/960px-Mercury_in_true_color.jpg
1cx6kvj	1	4/4d/Yuri_Gagarin_portrait.png/960px-Yuri_Gagarin_portrait.png
d3almf	1	3/35/%D0%92%D0%B0%D0%BA%D1%86%D0%B8%D0%BD%D0%B0_%D0%A1%D0%BF%D1%83%D1%82%D0%BD%D0%B8%D0%BA_V.jpg/960px-%D0%92%D0%B0%D0%BA%D1%86%D0%B8%D0%BD%D0%B0_%D0%A1%D0%BF%D1%83%D1%82%D0%BD%D0%B8%D0%BA_V.jpg
1e2avht	3	d/db/50th_Anniversary_NASA_Deep_Space_Network.png
13q9qs	1	b/b9/Neptune_Voyager2_color_calibrated.png/960px-Neptune_Voyager2_color_calibrated.png
pzln0i	1	1/12/Geometry_of_a_Total_Solar_Eclipse_ar.svg/960px-Geometry_of_a_Total_Solar_Eclipse_ar.svg.png
19px9ie	1	3/3f/HST-SM4.jpeg/960px-HST-SM4.jpeg
1rc9ngl	1	c/c7/PIA23791-Venus-RealAndEnhancedContrastViews-20200608_%28cropped%29.jpg/960px-PIA23791-Venus-RealAndEnhancedContrastViews-20200608_%28cropped%29.jpg
1rfxs6y	3	6/60/Sultan_bin_Salman.jpg
g49evj	1	0/04/International_Space_Station_after_undocking_of_STS-132.jpg/960px-International_Space_Station_after_undocking_of_STS-132.jpg
afx3nz	1	0/00/Olympus_Mons_alt.jpg/960px-Olympus_Mons_alt.jpg
1dclbhj	1	8/83/The_Sun_in_white_light.jpg/960px-The_Sun_in_white_light.jpg
o42gfr	1	f/f0/Ganymede_-_Perijove_34_Composite.jpg/960px-Ganymede_-_Perijove_34_Composite.jpg
1tfig8n	3	1/15/InnerSolarSystem-ar.png
re6v2h	1	e/ef/Pluto_in_True_Color_-_High-Res.jpg/960px-Pluto_in_True_Color_-_High-Res.jpg
1mzwm0k	1	a/a4/Cornelis_Cornelisz._van_Haarlem_-_The_Fall_of_the_Titans_-_Google_Art_Project.jpg/960px-Cornelis_Cornelisz._van_Haarlem_-_The_Fall_of_the_Titans_-_Google_Art_Project.jpg
x6xyk4	1	0/00/Apollo_program.svg/960px-Apollo_program.svg.png
cx3p8z	3	6/63/Order_of_the_Polar_Star_Grand_Cross.jpg
dd8uef	5	ar/3/37/%D8%AE%D8%B3%D9%88%D9%81.jpg
1fpw208	3	9/95/New_shot_of_Proxima_Centauri%2C_our_nearest_neighbour.jpg
8h0ohu	1	6/6a/JWST_spacecraft_model_2.png/960px-JWST_spacecraft_model_2.png
apjzny	3	9/93/Light_year_conversion.png
syys65	3	2/2b/Jupiter_and_its_shrunken_Great_Red_Spot.jpg
s3exos	3	7/74/JKepler.jpg
o4d3mv	3	0/0b/Universe_expansion_ar.png
1lcj7lx	1	5/57/M31-Andromede-16-09-2023-Hamois.jpg/960px-M31-Andromede-16-09-2023-Hamois.jpg
fvzjbk	3	6/69/Uranus_Voyager2_color_calibrated.png
jx7y3o	1	4/4f/Black_hole_-_Messier_87_crop_max_res.jpg/960px-Black_hole_-_Messier_87_crop_max_res.jpg
1l06gdf	1	2/2a/Lspn_comet_halley.jpg/960px-Lspn_comet_halley.jpg
1v8e7wh	1	9/96/1st_meeting_of_8th_State_Duma_07.jpg/960px-1st_meeting_of_8th_State_Duma_07.jpg
exg55u	3	c/c4/Kuiper_belt_-_Oort_cloud_ar.jpg
1spvx0f	1	1/10/Event_Horizon_Telescope_Collaboration_%28testing-general-relativity-with-the-event-horizon%29.jpg/960px-Event_Horizon_Telescope_Collaboration_%28testing-general-relativity-with-the-event-horizon%29.jpg
d35m9h	1	2/29/Voyager_spacecraft.jpg/960px-Voyager_spacecraft.jpg
b83xgf	3	b/b4/Position_Alpha_Cmi.png
14o1es5	3	5/5b/Cubewanos.png
15qaycw	1	d/d1/Giant_star_N6946-BH1_before_and_after_it_vanished_out_of_sight_by_imploding_to_form_a_black_hole.jpg/960px-Giant_star_N6946-BH1_before_and_after_it_vanished_out_of_sight_by_imploding_to_form_a_black_hole.jpg
18j6p0j	1	0/0a/1972_CPA_4166.jpg/960px-1972_CPA_4166.jpg
g3hpu2	3	3/3c/%D8%A3%D9%83%D8%A7%D8%AF%D9%8A%D9%88%D8%B3.jpg
sfp51r	3	9/98/Heartfailure-ar.jpg
1teeiqk	1	a/ac/PneumonisWedge09.JPG/960px-PneumonisWedge09.JPG
1kzdx4z	3	5/5f/Hirnmetastase_MRT-T1_KM.jpg
1hqwylv	1	3/32/Human-Hands-Front-Back.jpg/960px-Human-Hands-Front-Back.jpg
klr741	1	5/5f/Earwax_on_swab.jpg/960px-Earwax_on_swab.jpg
rms48	3	0/0d/NIK_3232-Drops_of_blood_medium.JPG
dl3mvb	1	5/59/Dental_surgery_aboard_USS_Eisenhower%2C_January_1990.JPEG/960px-Dental_surgery_aboard_USS_Eisenhower%2C_January_1990.JPEG
13awf8t	1	b/b7/Exposing_lower_lateral_cartilage_during_rhinoplasty.jpg/960px-Exposing_lower_lateral_cartilage_during_rhinoplasty.jpg
1u2ko3f	1	9/96/Cirrhosis_of_liver.jpg/960px-Cirrhosis_of_liver.jpg
12m17r7	1	5/52/Calcinosis_kidney.jpg/960px-Calcinosis_kidney.jpg
c5hud7	3	9/98/Heartfailure-ar.jpg
p9z4zh	1	4/40/Blausen_0086_Blood_Bag.png/960px-Blausen_0086_Blood_Bag.png
1cmpnge	1	a/a6/Peritoneopericardial_diaphragmatic_hernia.JPG/960px-Peritoneopericardial_diaphragmatic_hernia.JPG
1bdlnf8	1	0/03/Illu_pancrease.svg/960px-Illu_pancrease.svg.png
r9nda6	1	b/b7/Anterior_thoracic_SCS.jpg/960px-Anterior_thoracic_SCS.jpg
1qgw8wn	3	1/16/Worldwide_distribution_of_hemoglobinopathies.jpg
38hdm5	1	b/bc/Cervical_Collar_Emergency.jpg/960px-Cervical_Collar_Emergency.jpg
1v0ri2d	3	f/fa/Cerebellum.gif
106ejr8	3	b/b9/Pituitary_gland_representation.PNG
1hwk44g	3	0/0e/Acute_leukemia-ALL.jpg
qy4cyy	3	f/fa/Illu_thyroid_parathyroid-ar.jpg
ez273u	1	5/58/Siberian_Iris_Iris_sibirica_Flower_Closeup_2520px.jpg/960px-Siberian_Iris_Iris_sibirica_Flower_Closeup_2520px.jpg
x42g27	1	b/b0/Indirect_calorimetry_laboratory_with_canopy_hood.jpg/960px-Indirect_calorimetry_laboratory_with_canopy_hood.jpg
1s2vqti	1	5/59/Dental_surgery_aboard_USS_Eisenhower%2C_January_1990.JPEG/960px-Dental_surgery_aboard_USS_Eisenhower%2C_January_1990.JPEG
abcrv9	3	4/49/Fundus_of_patient_with_retinitis_pigmentosa%2C_mid_stage.jpg
36eer0	3	e/ec/Cholangitis.jpg
oc248l	1	a/a8/Nephron_Anatomy-es.png/960px-Nephron_Anatomy-es.png
11opn6i	3	0/0e/%D8%AA%D8%A3%D8%AB%D9%8A%D8%B1_%D8%A7%D9%84%D9%81%D9%88%D9%82_%D8%A8%D9%86%D9%81%D8%B3%D8%AC%D9%8A_%D8%B9%D9%84%D9%89_%D8%A7%D9%84%D8%AC%D9%8A%D9%86%D8%A7%D8%AA.gif
13oog7d	3	a/aa/Mice_X_Y_chromosomes.jpg
88i0uv	1	b/bf/The_base_of_the_brain_with_part_of_the_medulla_oblongata%2C_th_Wellcome_V0007864.jpg/960px-The_base_of_the_brain_with_part_of_the_medulla_oblongata%2C_th_Wellcome_V0007864.jpg
tgdwzr	1	e/e4/Neuroblastoma_rosettes.jpg/960px-Neuroblastoma_rosettes.jpg
1wnz6z0	1	6/62/DOT_project_technicians_performing_slump_test_on_latex_concrete.jpg/960px-DOT_project_technicians_performing_slump_test_on_latex_concrete.jpg
98cz4u	3	8/85/Keratin.jpg
1ryppjv	3	3/37/Tumor_Pineocytoma1.JPG
19lu80e	1	1/11/Animal_Cell.svg/960px-Animal_Cell.svg.png
8i7wyz	3	4/4f/Gray968-ar.png
cwj47d	1	1/1e/Pulmonary_alveolar_proteinosis_-3-_high_mag.jpg/960px-Pulmonary_alveolar_proteinosis_-3-_high_mag.jpg
toe11b	3	a/ae/%D8%A7%D9%84%D8%AD%D8%B5%D9%8A%D9%86_%D8%A8%D9%86_%D8%A7%D9%84%D8%AD%D8%A7%D8%B1%D8%AB.jpg
qlyf6m	1	9/96/Cirrhosis_of_liver.jpg/960px-Cirrhosis_of_liver.jpg
139hxq0	1	6/69/Glandular_tissue_%28small_intestine%29.jpg/960px-Glandular_tissue_%28small_intestine%29.jpg
1k98j5p	1	e/e0/Wild_Platypus_4.jpg/960px-Wild_Platypus_4.jpg
1aw9xbp	3	1/16/DNA_orbit_animated.gif
x7aiek	3	2/2e/Abdel_Rahman_Swar_al-Dahab.png
e18ihh	3	1/16/DNA_orbit_animated.gif
1muy3tm	1	7/78/Salt_shaker_on_white_background.jpg/960px-Salt_shaker_on_white_background.jpg
1tei531	3	d/de/Four_Fundamental_States_of_Matter.png
y8mkde	1	7/70/Carbon_dioxide_3D_spacefill.png/960px-Carbon_dioxide_3D_spacefill.png
fthx9i	3	a/a3/%D8%B5%D9%88%D8%B1%D8%A9_%D8%B4%D8%AE%D8%B5%D9%8A%D8%A9_%D8%A5%D8%A8%D8%B1%D8%A7%D9%87%D9%8A%D9%85_%D8%A7%D9%84%D8%B2%D9%8A%D8%A8%D9%82.jpg
olhcyk	3	9/9e/%D0%9C%D0%B5%D0%BD%D0%B4.jpg
1v8bt4t	3	c/c6/Helium-6_nucleus.png
qzpucj	3	a/ac/Bas_fourneau.png
1ggrcl4	1	c/c6/Hydrogen-sulfide-2D-dimensions.svg/960px-Hydrogen-sulfide-2D-dimensions.svg.png
mftch0	1	8/85/Proton_decay.svg/960px-Proton_decay.svg.png
1xaae9m	3	4/47/Electron_capture_NT.PNG
1a62mn	1	5/55/Silver_crystal.jpg/960px-Silver_crystal.jpg
fclww	1	7/73/Nitric-oxide-3D-vdW.png/960px-Nitric-oxide-3D-vdW.png
7z7pqx	1	0/0f/PH_Meter.jpg/960px-PH_Meter.jpg
3mgr0a	3	c/ca/Enthalpy_of_Vaporization_Period_three.png
8l2ix4	1	7/70/Carbon_dioxide_3D_spacefill.png/960px-Carbon_dioxide_3D_spacefill.png
1ma3wwl	1	3/39/Diamond_%28side_view%29.png/960px-Diamond_%28side_view%29.png
p49wp6	3	a/a4/Hydrochloric_acid_30_percent.jpg
5sljsd	3	7/77/Chadwick_Solvay1933.jpg
1879nev	1	f/f2/Raffaello%2C_pala_baglioni%2C_deposizione.jpg/960px-Raffaello%2C_pala_baglioni%2C_deposizione.jpg
74xbu4	1	7/7a/Citric-acid-3D-balls.png/960px-Citric-acid-3D-balls.png
1uartx7	1	2/22/SodiumBicarbonate.svg/960px-SodiumBicarbonate.svg.png
kkn1gz	1	6/6f/ThermiteFe2O3.JPG/960px-ThermiteFe2O3.JPG
p1way3	1	5/57/Carbon_monoxide_2D.svg/960px-Carbon_monoxide_2D.svg.png
l9n8gw	1	b/b2/Nokia_Battery.jpg/960px-Nokia_Battery.jpg
1qclmqo	1	d/d9/Mariecurie.jpg/960px-Mariecurie.jpg
tqkll7	1	9/95/Paradise_Lost_11.jpg/960px-Paradise_Lost_11.jpg
1apaz1y	3	6/60/Covalent_linkage_between_CPP_and_nucleic_aicd.png
4ce5ee	1	f/f8/Ionic_character_vs_electronegativity_01.jpg/960px-Ionic_character_vs_electronegativity_01.jpg
1fdeqnc	1	c/c6/Hydrogen-sulfide-2D-dimensions.svg/960px-Hydrogen-sulfide-2D-dimensions.svg.png
16iqzsy	3	9/91/Liquid_fluorine_tighter_crop.jpg
la9h6j	3	c/cb/Xenon_tetrafluoride.png
uld4kb	1	f/f3/Branched_polymer.svg/960px-Branched_polymer.svg.png
mujb25	1	d/d3/Potassium-permanganate-unit-cell-3D-balls.png/960px-Potassium-permanganate-unit-cell-3D-balls.png
kvjqvh	1	8/85/David_-_Portrait_of_Monsieur_Lavoisier_%28cropped%29.jpg/960px-David_-_Portrait_of_Monsieur_Lavoisier_%28cropped%29.jpg
jnw6di	3	2/26/J%C4%81bir_ibn_%E1%B8%A4ayy%C4%81n%2C_Sayr_mulhimah_min_al-Sharq_wa-al-Gharb.png
1j8x7st	3	e/eb/Fehling.JPG
61f4cr	1	9/92/Tho-Radia-IMG_1228.JPG/960px-Tho-Radia-IMG_1228.JPG
1fz94bx	1	5/52/RustyChainEdit1.jpg/960px-RustyChainEdit1.jpg
bwwcmd	1	a/aa/Happy_national_mole_day_by_coolkaius_d4dm8yj.jpg/960px-Happy_national_mole_day_by_coolkaius_d4dm8yj.jpg
ywwk7g	1	0/0e/Roman_copper_alloy_nummus_%28FindID_137609%29.jpg/960px-Roman_copper_alloy_nummus_%28FindID_137609%29.jpg
1q8r6hj	1	2/2e/Gnome-applications-science.svg/960px-Gnome-applications-science.svg.png
1r2e9ix	3	1/16/DNA_orbit_animated.gif
11lcjbd	1	e/e7/L-leucine-skeletal.svg/960px-L-leucine-skeletal.svg.png
1g8ur2d	3	2/27/Gravity_elevator.gif
2cetw0	3	2/2e/Earth_to_Sun_-_en.png
12ki8ld	1	9/91/DigitalTemp.jpg/960px-DigitalTemp.jpg
12yx8ap	1	3/39/GodfreyKneller-IsaacNewton-1689.jpg/960px-GodfreyKneller-IsaacNewton-1689.jpg
1elf6w8	1	6/6d/Backofenthermometer.jpg/960px-Backofenthermometer.jpg
1xlw9jg	1	3/3d/Amperemeter_hg.jpg/960px-Amperemeter_hg.jpg
1kk4onh	3	6/63/Dispersion_prism.jpg
ug4owu	1	0/06/Lodestone_%28black%29.jpg/960px-Lodestone_%28black%29.jpg
14h8b2b	1	e/e9/Ghiacciaie_di_Boboli_01.JPG/960px-Ghiacciaie_di_Boboli_01.JPG
3nl5oc	1	2/28/Kerb_Construction_and_Lawn_Establishment.jpg/960px-Kerb_Construction_and_Lawn_Establishment.jpg
26swmo	1	a/af/Westerhever-Watt.jpg/960px-Westerhever-Watt.jpg
dp3vig	1	e/e7/Steam-boiling_green_asparagus.jpg/960px-Steam-boiling_green_asparagus.jpg
129v23	1	9/9c/Ampere-o-meter-vintage-HDR-0h.jpg/960px-Ampere-o-meter-vintage-HDR-0h.jpg
oqrh7l	1	2/2b/Volt-ampere-meter_hg.jpg/960px-Volt-ampere-meter_hg.jpg
12lq98g	3	d/d3/Newtons_cradle_animation_book_2.gif
1fs7eok	1	9/9d/Thomas_Edison2.jpg/960px-Thomas_Edison2.jpg
82r8bq	1	9/9b/%D9%83%D8%AA%D8%A7%D8%A8_%D8%B4%D8%B1%D8%AD_%D8%A7%D9%84%D9%82%D8%B7%D8%B1_01.jpg/960px-%D9%83%D8%AA%D8%A7%D8%A8_%D8%B4%D8%B1%D8%AD_%D8%A7%D9%84%D9%82%D8%B7%D8%B1_01.jpg
w6upob	1	e/e3/3_Resistors.jpg/960px-3_Resistors.jpg
qzzhyj	1	1/1e/World_line-ar.svg/960px-World_line-ar.svg.png
9frvvs	1	8/8b/2020_Refraktometr.jpg/960px-2020_Refraktometr.jpg
14tfxer	3	2/2e/Earth_to_Sun_-_en.png
p137ls	3	6/6e/Retrato_de_un_erudito_%28%C2%BFArqu%C3%ADmedes%3F%29%2C_por_Domenico_Fetti.jpg
vc9hi9	1	e/e6/Georg_Simon_Ohm_%281789-1854%29.jpg/960px-Georg_Simon_Ohm_%281789-1854%29.jpg
wxiv0q	1	9/9e/Doppler_effect.svg/960px-Doppler_effect.svg.png
1yon2l4	3	5/5a/Friction_Blisters_On_Human_Foot.jpg
1p7h6y4	1	e/ec/Wilhelm_Conrad_R%C3%B6ntgen_%281888-1900%29%2C_88374_p.jpg/960px-Wilhelm_Conrad_R%C3%B6ntgen_%281888-1900%29%2C_88374_p.jpg
11tx8te	3	8/81/Circular.Polarization.Circularly.Polarized.Light_Right.Handed.Animation.305x190.255Colors.gif
1v479r4	3	5/5a/Efecte_de_l%27AQP3_en_la_recuperaci%C3%B3_d%27una_ferida..png
1qq900g	1	6/69/Gas_thermometer_and_absolute_zero_fr.jpg/960px-Gas_thermometer_and_absolute_zero_fr.jpg
19ua6l5	3	e/e4/Charles_and_Gay-Lussac%27s_Law_animated.gif
zphgcv	3	b/b0/James-Clerk-Maxwell-1831-1879.jpg
10eos4l	1	4/4b/Blue_LED_Photoelectric_Effect.jpg/960px-Blue_LED_Photoelectric_Effect.jpg
1m5q4kv	1	1/1f/Engine-generator_%28medium_size%2C_on_wheels%29.jpg/960px-Engine-generator_%28medium_size%2C_on_wheels%29.jpg
harqoy	1	1/1c/CMS_Higgs-event.jpg/960px-CMS_Higgs-event.jpg
1k1xzjf	1	e/ea/Large_Hadron_Collider_dipole_magnets_IMG_0955.jpg/960px-Large_Hadron_Collider_dipole_magnets_IMG_0955.jpg
1gtfgr0	3	9/9f/SuperconductingMagnet.jpg
99396f	3	3/32/Max_Planck.png
d71mk1	3	1/1c/Young-Thomas-Lectures1807-Plate_XXX-fig442-dbl_slit.jpg
b9w3jb	1	a/a3/Ibn_Al-Haytham_portrait.jpg/960px-Ibn_Al-Haytham_portrait.jpg
6l35qf	1	d/d9/Brachiosaurus_DB.jpg/960px-Brachiosaurus_DB.jpg
1ue13h4	1	9/91/Indroda_eggs.JPG/960px-Indroda_eggs.JPG
1cr7wf8	1	a/ab/Palais_de_la_Decouverte_Tyrannosaurus_rex_p1050042.jpg/960px-Palais_de_la_Decouverte_Tyrannosaurus_rex_p1050042.jpg
16dks73	3	7/7d/Dinosaurs-all.jpg
nek7kq	3	6/6a/Othniel_Charles_Marsh_%26_Edward_Drinker_Cope_bw.jpg
pkvhml	1	4/4c/Interior_view_-_Swedish_Museum_of_Natural_History_-_Stockholm%2C_Sweden_-_DSC00649.JPG/960px-Interior_view_-_Swedish_Museum_of_Natural_History_-_Stockholm%2C_Sweden_-_DSC00649.JPG
1xf7d2r	3	e/ee/Vraptor-scale-ar.png
xslk3z	1	0/06/Extinction_intensity.svg/960px-Extinction_intensity.svg.png
jmhli0	3	f/f9/Archaeopteryx_NT.jpg
1x3b8sa	1	0/06/Extinction_intensity.svg/960px-Extinction_intensity.svg.png
1dsgle6	1	c/cc/Willamette_Meteorite_AMNH.jpg/960px-Willamette_Meteorite_AMNH.jpg
s8f5pn	1	2/28/Laika_ac_Dino_Kingdom_2012_%287882291466%29.jpg/960px-Laika_ac_Dino_Kingdom_2012_%287882291466%29.jpg
a7wrm8	1	7/74/Spinosaurus_in_Japan_Expo.jpg/960px-Spinosaurus_in_Japan_Expo.jpg
8psyhl	1	f/f6/Allosaurus_fragilis_moulage_MNHN_paleontologie_1.JPG/960px-Allosaurus_fragilis_moulage_MNHN_paleontologie_1.JPG
ydcb27	3	1/13/Richard-owen2.jpg
1o0axxb	3	c/c9/Pangaea_continents_ar.png
1updcll	1	b/be/Dating_Planetary_Core_Formation.png/960px-Dating_Planetary_Core_Formation.png
4nc200	1	0/06/Extinction_intensity.svg/960px-Extinction_intensity.svg.png
c3mzfi	3	f/fb/Healthy_feet.JPG
125lvp5	1	8/89/Eoraptor_Lunensis_20250105.jpg/960px-Eoraptor_Lunensis_20250105.jpg
1f6i3xi	1	a/ab/Palais_de_la_Decouverte_Tyrannosaurus_rex_p1050042.jpg/960px-Palais_de_la_Decouverte_Tyrannosaurus_rex_p1050042.jpg
1kvl4d8	1	c/ce/Mongolia_%2835427009881%29.jpg/960px-Mongolia_%2835427009881%29.jpg
ize5b3	1	e/ea/H1N1_navbox.jpg/960px-H1N1_navbox.jpg
17ukixm	1	4/44/Megalosaurus_display.JPG/960px-Megalosaurus_display.JPG
j1bkv2	1	1/1c/Europasaurus_holgeri_Scene_2.jpg/960px-Europasaurus_holgeri_Scene_2.jpg
1qqt8wk	1	d/dc/Amber_Mountain_chameleon_%28Calumma_amber%29_male_Montagne_d%27Ambre_2.jpg/960px-Amber_Mountain_chameleon_%28Calumma_amber%29_male_Montagne_d%27Ambre_2.jpg
q8li3l	1	5/57/Orange_eye_%286959548877%29.jpg/960px-Orange_eye_%286959548877%29.jpg
qm8y4q	1	e/e5/Chlorurus_gibbus_male.jpg/960px-Chlorurus_gibbus_male.jpg
1p3swch	1	0/07/African_penguins.jpg/960px-African_penguins.jpg
110k3b	1	2/20/Chicken_February_2009-1.jpg/960px-Chicken_February_2009-1.jpg
ape0q2	1	c/c6/Ezidi_shrine_of_Sharaf_al-Deen_nestled_into_the_Shingal_mountains_near_Sinune_village_06.jpg/960px-Ezidi_shrine_of_Sharaf_al-Deen_nestled_into_the_Shingal_mountains_near_Sinune_village_06.jpg
1rmeez8	1	5/54/WarnerUBL.jpg/960px-WarnerUBL.jpg
sc0dnk	1	1/18/Vulture_beak_sideview_A.jpg/960px-Vulture_beak_sideview_A.jpg
mrbpwp	1	4/48/A_single_white_feather_closeup.jpg/960px-A_single_white_feather_closeup.jpg
6khxtc	1	a/ab/%D8%B7%D9%8A%D9%88%D8%B1_%D8%A7%D9%84%D9%81%D9%84%D8%A7%D9%85%D9%86%D8%BA%D9%88_%D9%81%D9%8A_%D8%A7%D9%84%D9%83%D9%88%D9%8A%D8%AA.jpg/960px-%D8%B7%D9%8A%D9%88%D8%B1_%D8%A7%D9%84%D9%81%D9%84%D8%A7%D9%85%D9%86%D8%BA%D9%88_%D9%81%D9%8A_%D8%A7%D9%84%D9%83%D9%88%D9%8A%D8%AA.jpg
16o1oni	1	9/93/Falco_peregrinus_MHNT.ZOO.2010.11.102.1.jpg/960px-Falco_peregrinus_MHNT.ZOO.2010.11.102.1.jpg
148eij2	3	7/79/Patagona_gigas.jpg
106i4fw	3	7/79/Patagona_gigas.jpg
1f5avis	1	9/91/%D8%B5%D9%88%D8%B1%D8%A9_%D9%84%D8%AC%D9%85%D8%B9%D9%8A%D8%A9_%D8%A8%D8%B1%D8%AC_%D8%A7%D9%84%D9%84%D9%82%D9%84%D9%82_%D8%A7%D9%84%D9%85%D8%AC%D8%AA%D9%85%D8%B9%D9%8A_.jpg/960px-%D8%B5%D9%88%D8%B1%D8%A9_%D9%84%D8%AC%D9%85%D8%B9%D9%8A%D8%A9_%D8%A8%D8%B1%D8%AC_%D8%A7%D9%84%D9%84%D9%82%D9%84%D9%82_%D8%A7%D9%84%D9%85%D8%AC%D8%AA%D9%85%D8%B9%D9%8A_.jpg
u8q5a2	1	0/02/2006-10-25_Amanita_muscaria_crop.jpg/960px-2006-10-25_Amanita_muscaria_crop.jpg
coaqey	1	c/c4/Cygnus_Atratus_Singapore.jpg/960px-Cygnus_Atratus_Singapore.jpg
1csbia8	1	5/57/Dromaius_novaehollandiae_%28head%29_Battersea_Park_Children%27s_Zoo.jpg/960px-Dromaius_novaehollandiae_%28head%29_Battersea_Park_Children%27s_Zoo.jpg
cjlahk	3	f/fc/%D8%B4%D8%B9%D8%A7%D8%B1_%D9%86%D8%A7%D8%AF%D9%8A_%D8%A7%D9%84%D8%B5%D9%82%D8%B1.png
13p4z4u	3	8/80/Valkyries_with_swan_skins.jpg
1biumyk	1	a/ae/Dronte_dodo_Raphus_cucullatus.jpg/960px-Dronte_dodo_Raphus_cucullatus.jpg
6bg61b	3	7/72/RidgeSrn.gif
1rwxbp2	3	1/14/Animal_diversity.png
r5926w	1	f/f6/Taube_vor_Sche%C3%9Flitz.JPG/960px-Taube_vor_Sche%C3%9Flitz.JPG
sn2jhv	1	8/82/TeTuatahianui.jpg/960px-TeTuatahianui.jpg
14q4o45	1	6/6d/Grey-breasted_mountain_toucan_%28Andigena_hypoglauca%29_Caldas.jpg/960px-Grey-breasted_mountain_toucan_%28Andigena_hypoglauca%29_Caldas.jpg
1uog6kn	3	1/15/Wilson%27s_Bird_of_Paradise.jpg
14f5q7w	3	6/6e/Passer_domesticus_male_%2815%29.jpg
1yrp2p7	1	f/f2/Common_Swift_2025_07_18_02.jpg/960px-Common_Swift_2025_07_18_02.jpg
15vtmqv	1	8/8b/Puffinus_olsoni_restoration.jpg/960px-Puffinus_olsoni_restoration.jpg
48ytj8	1	b/b9/Casse-noix_inox_03.jpg/960px-Casse-noix_inox_03.jpg
1ytndjf	1	5/57/The_Adoration_of_the_Magi_MET_DT3.jpg/960px-The_Adoration_of_the_Magi_MET_DT3.jpg
xsy058	1	d/d0/Spotted_Bowerbird_-_Round_Hill_Nature_Reserve.jpg/960px-Spotted_Bowerbird_-_Round_Hill_Nature_Reserve.jpg
hi3y84	1	0/02/2006-10-25_Amanita_muscaria_crop.jpg/960px-2006-10-25_Amanita_muscaria_crop.jpg
1sx85ef	1	b/bc/Chlamydera_nuchalis_-_Mount_Carbine.jpg/960px-Chlamydera_nuchalis_-_Mount_Carbine.jpg
8q5bfv	3	2/28/Thyrocervical_trunk.png
vflgd	1	3/32/Dino_bird_air_sac_%28Ger%29.jpg/960px-Dino_bird_air_sac_%28Ger%29.jpg
z6bif2	1	4/4e/%D8%B4%D8%AC%D8%B1%D8%A9_%D8%A7%D9%84%D8%AD%D9%8A%D8%A7%D8%A9_%D9%85%D8%A8%D8%B3%D8%B7%D8%A9.svg/960px-%D8%B4%D8%AC%D8%B1%D8%A9_%D8%A7%D9%84%D8%AD%D9%8A%D8%A7%D8%A9_%D9%85%D8%A8%D8%B3%D8%B7%D8%A9.svg.png
1wtv5lo	1	a/ae/Darwin%27s_finches_by_Gould.jpg/960px-Darwin%27s_finches_by_Gould.jpg
16jq5hh	1	f/f3/Erithacus_rubecula_with_cocked_head.jpg/960px-Erithacus_rubecula_with_cocked_head.jpg
1m60bj9	1	e/e5/Chlorurus_gibbus_male.jpg/960px-Chlorurus_gibbus_male.jpg
y0mc0a	3	c/c4/Pacific_Ocean.png
1t09cm5	1	d/d8/Bluewhale877.jpg/960px-Bluewhale877.jpg
1704b1x	3	3/31/Great_white_shark_south_africa.jpg
ss0ior	1	d/dc/Octopussy_circus.jpg/960px-Octopussy_circus.jpg
ypv4m	1	9/93/Elevation.jpg/960px-Elevation.jpg
13t5fdo	3	f/fa/Prison_Black_Dolphin_-_entrance.jpg
ba3ls9	1	2/27/Red_Sea_37.95521E_21.41271N.jpg/960px-Red_Sea_37.95521E_21.41271N.jpg
1g7luds	1	d/de/Royal_starfish_%28Astropecten_articulatus%29_on_the_beach.jpg/960px-Royal_starfish_%28Astropecten_articulatus%29_on_the_beach.jpg
oac4r6	1	5/5c/Chelonia_mydas_at_Dahab_by_Hatem_Moushir.jpg/960px-Chelonia_mydas_at_Dahab_by_Hatem_Moushir.jpg
1p9g4q	1	a/ac/Zandsluiting_Tholense_Gat.jpg/960px-Zandsluiting_Tholense_Gat.jpg
xlozci	1	e/e4/President_Bush_creates_Three_Pacific_Marine_Monuments.jpg/960px-President_Bush_creates_Three_Pacific_Marine_Monuments.jpg
x2sh08	1	a/ae/Heads_of_State_of_Caspian_littoral_states_made_press_statements_at_Aktau_Summit_6.jpg/960px-Heads_of_State_of_Caspian_littoral_states_made_press_statements_at_Aktau_Summit_6.jpg
ibpp2y	1	2/21/Dead_Sea_by_David_Shankbone.jpg/960px-Dead_Sea_by_David_Shankbone.jpg
1j9e5x5	3	1/1b/GreatBarrierReef-EO.JPG
16vt4iu	1	e/e0/Clouds_over_the_Atlantic_Ocean.jpg/960px-Clouds_over_the_Atlantic_Ocean.jpg
1b8i9fs	1	f/f6/Similan_Dive_Center_-_great_whale_shark.jpg/960px-Similan_Dive_Center_-_great_whale_shark.jpg
jwrsjr	3	0/06/Atlantic_Ocean.png
v6rem1	1	6/65/Sepia_com%C3%BAn_%28Sepia_officinalis%29%2C_Parque_natural_de_la_Arr%C3%A1bida%2C_Portugal%2C_2020-07-21%2C_DD_62.jpg/960px-Sepia_com%C3%BAn_%28Sepia_officinalis%29%2C_Parque_natural_de_la_Arr%C3%A1bida%2C_Portugal%2C_2020-07-21%2C_DD_62.jpg
5716qd	1	b/be/PersianGulf_vue_satellite_du_golfe_persique.jpg/960px-PersianGulf_vue_satellite_du_golfe_persique.jpg
1vqzgag	3	1/19/Golfstrom.jpg
195d7tp	3	f/fe/Arctic_Ocean.png
r3z7o3	3	3/30/1913_1d_Australia_Fremantle_Yv2_SG2.jpg
tzztzn	1	5/58/%D8%AA%D8%A7%D8%A8%D8%B4_%D8%A2%D9%81%D8%AA%D8%A7%D8%A8_%D8%A7%D8%B2_%D8%A8%DB%8C%D9%86_%D8%A7%D8%A8%D8%B1%D9%87%D8%A7_-_panoramio.jpg/960px-%D8%AA%D8%A7%D8%A8%D8%B4_%D8%A2%D9%81%D8%AA%D8%A7%D8%A8_%D8%A7%D8%B2_%D8%A8%DB%8C%D9%86_%D8%A7%D8%A8%D8%B1%D9%87%D8%A7_-_panoramio.jpg
cyccmu	1	2/22/Jelly_Monterey.jpg/960px-Jelly_Monterey.jpg
1ugeqt4	3	8/8e/Pangea_animation_03.gif
15wn2id	1	7/72/1891_SargassoSee_Krummel_Petermanns_lores.jpg/960px-1891_SargassoSee_Krummel_Petermanns_lores.jpg
17wum6w	1	e/e8/STS059-238-074_Strait_of_Gibraltar.jpg/960px-STS059-238-074_Strait_of_Gibraltar.jpg
1ln35u4	1	f/f5/Earth_seafloor_crust_age_1996_-_2.png/960px-Earth_seafloor_crust_age_1996_-_2.png
12cbpo6	1	2/2d/Meteosat-12-fci-march-equinox-2025-noon.jpg/960px-Meteosat-12-fci-march-equinox-2025-noon.jpg
1ncedm5	3	b/b8/Challenger.jpg
jql0yg	3	d/d0/Logy_Bay_giant_squid%2C_1873.jpg
1ub9weu	1	6/68/Coral_Triangle_and_countries_participating_in_the_Coral_Triangle_Initiative.png/960px-Coral_Triangle_and_countries_participating_in_the_Coral_Triangle_Initiative.png
xajjj6	1	c/c2/Plastic_Atlas_-_%27Quite_a_patch%27_-_Size_of_the_Great_Pacific_Garbage_Patch_in_comparison_%284.5_times_the_size_of_Germany%29.png/960px-Plastic_Atlas_-_%27Quite_a_patch%27_-_Size_of_the_Great_Pacific_Garbage_Patch_in_comparison_%284.5_times_the_size_of_Germany%29.png
1ll3uw9	3	4/47/2004_Indonesia_Tsunami_Complete.gif
g1rbp1	1	b/b8/Sperm_whale_pod.jpg/960px-Sperm_whale_pod.jpg
vhytd5	1	c/c1/Comoran_Coelacanth_Latimeria_chalumnae_Comoros_Pavilion_Expo_2020_Dubai_Photo_by_Prof_Dr_Norman_Ali_Khalaf.jpg/960px-Comoran_Coelacanth_Latimeria_chalumnae_Comoros_Pavilion_Expo_2020_Dubai_Photo_by_Prof_Dr_Norman_Ali_Khalaf.jpg
a3ppug	1	7/77/Somniosus_microcephalus_okeanos.jpg/960px-Somniosus_microcephalus_okeanos.jpg
qguabf	1	b/b7/Dermochelys_coriacea_-_Julien_Renoult_-_12981952.jpeg/960px-Dermochelys_coriacea_-_Julien_Renoult_-_12981952.jpeg
sw6kda	3	b/bc/Avispa_marina_cropped.png
hi3yjv	1	e/eb/CSIRO_ScienceImage_904_Undaria_pinnatifida_Japanese_kelp.jpg/960px-CSIRO_ScienceImage_904_Undaria_pinnatifida_Japanese_kelp.jpg
1tken1	1	2/27/Red_Sea_37.95521E_21.41271N.jpg/960px-Red_Sea_37.95521E_21.41271N.jpg
bpmvuo	3	b/b8/Challenger.jpg
bkba84	1	f/f2/DZ_39_Nakhla.svg/960px-DZ_39_Nakhla.svg.png
xqf6ue	3	4/4e/Scaler_-_top.jpg
1qmapbk	1	9/92/Chlorophyll-a-3D-vdW.png/960px-Chlorophyll-a-3D-vdW.png
1ry3tz3	1	e/e9/Olive_tree_of_Vouves.jpg/960px-Olive_tree_of_Vouves.jpg
1p59lm0	1	0/03/W%26Asunflower.jpg/960px-W%26Asunflower.jpg
siilvc	1	1/1b/Aloe_hybrid%2C_jard%C3%ADn_del_molino%2C_Sierra_de_San_Felipe%2C_Set%C3%BAbal%2C_Portugal%2C_2012-05-11%2C_DD_01.jpg/960px-Aloe_hybrid%2C_jard%C3%ADn_del_molino%2C_Sierra_de_San_Felipe%2C_Set%C3%BAbal%2C_Portugal%2C_2012-05-11%2C_DD_01.jpg
q6ji5e	3	0/00/Warda_Al_Jazairia.jpg
ck6sn5	1	1/10/WheatYield.png/960px-WheatYield.png
1nen6ib	1	7/70/Carbon_dioxide_3D_spacefill.png/960px-Carbon_dioxide_3D_spacefill.png
q0yibb	1	a/a8/Adansonia_grandidieri04.jpg/960px-Adansonia_grandidieri04.jpg
1vco1c4	1	6/62/%D9%82%D8%A8%D8%B1_%D9%85%D8%B1%D8%A7%D8%AF_%D8%A7%D9%81%D9%86%D8%AF%D9%8A_%D9%88_%D9%86%D8%A7%D8%A6%D9%84%D8%A9_%D8%AE%D8%A7%D8%AA%D9%88%D9%86.jpg/960px-%D9%82%D8%A8%D8%B1_%D9%85%D8%B1%D8%A7%D8%AF_%D8%A7%D9%81%D9%86%D8%AF%D9%8A_%D9%88_%D9%86%D8%A7%D8%A6%D9%84%D8%A9_%D8%AE%D8%A7%D8%AA%D9%88%D9%86.jpg
6x3op6	3	4/49/Cirsium_diacanthum1.jpg
y0tiom	3	6/6a/Theobroma_cacao-frutos.jpeg
ntaj22	1	d/da/Gardenology.org-IMG_0348_hunt07mar.jpg/960px-Gardenology.org-IMG_0348_hunt07mar.jpg
s6q0pa	3	1/1d/Hevea_brasiliensis_-_K%C3%B6hler%E2%80%93s_Medizinal-Pflanzen-071.jpg
umd9we	1	8/8d/Cotton.JPG/960px-Cotton.JPG
1vi36lw	1	0/07/Venus_Flytrap_Dionaea_muscipula_%2826455092815%29.jpg/960px-Venus_Flytrap_Dionaea_muscipula_%2826455092815%29.jpg
10ykes1	1	5/56/Shelled_pine_nuts.jpg/960px-Shelled_pine_nuts.jpg
ob9un3	3	6/6e/Brazilian_semi-arid_region.jpg
miz700	1	2/25/Timber_Mortising_Machine.jpg/960px-Timber_Mortising_Machine.jpg
1b6063s	3	e/e9/Phloem.jpg
14trr89	1	6/68/Carl_von_Linn%C3%A9.jpg/960px-Carl_von_Linn%C3%A9.jpg
1q35e6a	1	2/29/Cut_sugarcane.jpg/960px-Cut_sugarcane.jpg
to44ni	3	f/f6/Amazon_rainforest.jpg
1l7b3vr	3	3/39/Ovulation.jpg
1g4rbud	1	b/ba/Gregor_Mendel_2.jpg/960px-Gregor_Mendel_2.jpg
1f166bn	1	9/9e/FallPando02.jpg/960px-FallPando02.jpg
os5z0h	1	6/68/Saffron_-_premium_spice.jpg/960px-Saffron_-_premium_spice.jpg
admq1k	1	6/6c/Chloroplast-drawing-numb.svg/960px-Chloroplast-drawing-numb.svg.png
1o29sh1	1	8/8d/Cellulose_acetate.svg/960px-Cellulose_acetate.svg.png
i2j0rw	1	e/ed/%D8%A8%D8%AF%D8%A7%D9%8A%D8%A7%D8%AA_%D8%A7%D9%84%D8%A7%D9%86%D8%A8%D8%A7%D8%AA.jpg/960px-%D8%A8%D8%AF%D8%A7%D9%8A%D8%A7%D8%AA_%D8%A7%D9%84%D8%A7%D9%86%D8%A8%D8%A7%D8%AA.jpg
lmlyfi	1	4/49/East_African_Mangroves_Ecoregion.png/960px-East_African_Mangroves_Ecoregion.png
1kc3hbx	1	e/e1/Fiddlehead_closeup.png/960px-Fiddlehead_closeup.png
3km562	1	9/9e/Svalbard_%28MODIS%29.jpg/960px-Svalbard_%28MODIS%29.jpg
1upuw8o	1	7/78/Flowers_in_front_of_the_Palm_House%2C_Kew_Gardens.jpg/960px-Flowers_in_front_of_the_Palm_House%2C_Kew_Gardens.jpg
tnv9lj	1	b/b2/Calvin-cycle4-ar.svg/960px-Calvin-cycle4-ar.svg.png
166vhtl	1	d/d1/SoriDicksonia.jpg/960px-SoriDicksonia.jpg
7lerqc	1	1/14/%D8%A7%D9%84%D8%AA%D8%B1%D9%83%D9%8A%D8%A8_%D8%A7%D9%84%D9%83%D9%8A%D9%85%D9%8A%D8%A7%D8%A6%D9%8A_%D9%84%D8%AC%D8%B3%D9%85_%D8%A7%D9%84%D9%83%D8%A7%D8%A6%D9%86_%D8%A7%D9%84%D8%AD%D9%8A.jpg/960px-%D8%A7%D9%84%D8%AA%D8%B1%D9%83%D9%8A%D8%A8_%D8%A7%D9%84%D9%83%D9%8A%D9%85%D9%8A%D8%A7%D8%A6%D9%8A_%D9%84%D8%AC%D8%B3%D9%85_%D8%A7%D9%84%D9%83%D8%A7%D8%A6%D9%86_%D8%A7%D9%84%D8%AD%D9%8A.jpg
1v8fxe0	4	ar/thumb/4/47/FC_Barcelona_%28crest%29.svg/960px-FC_Barcelona_%28crest%29.svg.png
1miahe4	1	2/26/Cristiano_Ronaldo_Croatia_v_Portugal_2_July_2026-075_%28cropped%29.jpg/960px-Cristiano_Ronaldo_Croatia_v_Portugal_2_July_2026-075_%28cropped%29.jpg
1algpeo	1	0/04/P20250506MR-0244_%2854503208386%29.jpg/960px-P20250506MR-0244_%2854503208386%29.jpg
1n5sb9s	1	c/cf/Football_pictogram.svg/960px-Football_pictogram.svg.png
1j5acyg	3	7/71/Manchester_-_Old_Trafford_-_Manchester_United_vs_Crawley_Town_-_Chicharito.jpg
oszp7d	1	d/d3/Soccer_goalkeeper.jpg/960px-Soccer_goalkeeper.jpg
1l1d8q2	1	e/e3/Chicago_Fire_v._Club_Am%C3%A9rica_2013_38.jpg/960px-Chicago_Fire_v._Club_Am%C3%A9rica_2013_38.jpg
1kiu2kq	1	5/52/FIFA_World_Museum%2C_Zurich_%28_Ank_Kumar%2C_Infosys%29_04.jpg/960px-FIFA_World_Museum%2C_Zurich_%28_Ank_Kumar%2C_Infosys%29_04.jpg
n1z9d0	3	5/5e/Pele_con_brasil_%28cropped%29.jpg
128rgf7	1	a/a9/Imperial_Hall%2C_Residenz_Munich%2C_Germany.jpg/960px-Imperial_Hall%2C_Residenz_Munich%2C_Germany.jpg
s2mbxo	1	b/bc/Camp_Nou_Experience_%28Ank_Kumar%2C_INFOSYS%29_02.jpg/960px-Camp_Nou_Experience_%28Ank_Kumar%2C_INFOSYS%29_02.jpg
vjsr1i	1	0/0e/Estadio_Santiago_Bernab%C3%A9u_Madrid.jpg/960px-Estadio_Santiago_Bernab%C3%A9u_Madrid.jpg
o1bgj8	1	a/ac/Fu%C3%9Fballl%C3%A4nderspiel_%C3%96sterreich-Ukraine_%2801.06.2012%29_43.jpg/960px-Fu%C3%9Fballl%C3%A4nderspiel_%C3%96sterreich-Ukraine_%2801.06.2012%29_43.jpg
1bz99bz	1	9/95/Didier_Deschamps_France_v_Senegal_16_June_2026-294.jpg/960px-Didier_Deschamps_France_v_Senegal_16_June_2026-294.jpg
1hphrjg	1	3/3f/The_FA_Cup_Trophy.jpg/960px-The_FA_Cup_Trophy.jpg
leu40r	1	a/af/Amsterdam_airphoto.jpg/960px-Amsterdam_airphoto.jpg
1dk0ugk	1	6/67/Koppen_Nederlandse_voetballers_Rinus_Michels%2C_Bestanddeelnr_254-9536_2.jpg/960px-Koppen_Nederlandse_voetballers_Rinus_Michels%2C_Bestanddeelnr_254-9536_2.jpg
10bjy74	1	5/5f/Liverpool_Montage.jpg/960px-Liverpool_Montage.jpg
evmzur	1	f/f8/RealMadrid-Barcelona.svg/960px-RealMadrid-Barcelona.svg.png
s9rrus	3	8/81/Coupe_Henri_Delaunay_2017.jpg
tg7heb	1	6/60/Josep_Guardiola_2023-10-04_Fu%C3%9Fball%2C_M%C3%A4nner%2C_UEFA_Champions_League%2C_RB_Leipzig_-_Manchester_City_FC_1DX_2797_%28cropped%29.jpg/960px-Josep_Guardiola_2023-10-04_Fu%C3%9Fball%2C_M%C3%A4nner%2C_UEFA_Champions_League%2C_RB_Leipzig_-_Manchester_City_FC_1DX_2797_%28cropped%29.jpg
1fmk7la	1	c/cb/Johan_Cruijff_%281974%29.jpg/960px-Johan_Cruijff_%281974%29.jpg
1hixysj	1	7/7d/George_Weah_in_2019_%28cropped%29_mod-2.jpg/960px-George_Weah_in_2019_%28cropped%29_mod-2.jpg
r04efz	3	6/69/20070815_allianz_arena_munich_lionel_messi_jimmy_jump.jpg
117g54g	1	0/05/FC_Internazionale_Milano_2021.svg/960px-FC_Internazionale_Milano_2021.svg.png
1o80hx7	1	3/3d/Bota_de_Oro_-_Forl%C3%A1n_%28cropped%29.jpg/960px-Bota_de_Oro_-_Forl%C3%A1n_%28cropped%29.jpg
f82trf	1	2/2b/Arsenal_Football_Club_%2C_Emirates_stadium_13.jpg/960px-Arsenal_Football_Club_%2C_Emirates_stadium_13.jpg
dqecfh	3	8/81/Network_based_intrusion_detection_system.png
qsivne	1	e/e1/England_v_scotland_1872_ad.jpg/960px-England_v_scotland_1872_ad.jpg
qsal7b	1	1/1d/FIFA_World_Cup_2010_Brazil_North_Korea_3.jpg/960px-FIFA_World_Cup_2010_Brazil_North_Korea_3.jpg
8e3600	1	2/26/Cristiano_Ronaldo_Croatia_v_Portugal_2_July_2026-075_%28cropped%29.jpg/960px-Cristiano_Ronaldo_Croatia_v_Portugal_2_July_2026-075_%28cropped%29.jpg
1yadgbq	3	a/ac/Gianni_Infantino_-_55062516828.jpg
39wrf6	1	a/a9/Imperial_Hall%2C_Residenz_Munich%2C_Germany.jpg/960px-Imperial_Hall%2C_Residenz_Munich%2C_Germany.jpg
1asim0h	3	8/88/Ryan_Giggs_vs_MLS_All_Stars_2010.jpg
o9gi2k	1	3/3f/HK_CWB_%E9%8A%85%E9%91%BC%E7%81%A3_Causeway_Bay_%E6%99%82%E4%BB%A3%E5%BB%A3%E5%A0%B4_Times_Square_mall_void_exhibition_Juventus_Football_Club_September_2021_SS2_005.jpg/960px-HK_CWB_%E9%8A%85%E9%91%BC%E7%81%A3_Causeway_Bay_%E6%99%82%E4%BB%A3%E5%BB%A3%E5%A0%B4_Times_Square_mall_void_exhibition_Juventus_Football_Club_September_2021_SS2_005.jpg
vhm6z4	3	5/5e/Pele_con_brasil_%28cropped%29.jpg
eugjap	1	5/59/Qatar_diplomatic_crisis.svg/960px-Qatar_diplomatic_crisis.svg.png
1b3q2l7	3	5/5e/Brazil_national_team_1970.jpg
kr92s8	1	5/52/FIFA_World_Museum%2C_Zurich_%28_Ank_Kumar%2C_Infosys%29_04.jpg/960px-FIFA_World_Museum%2C_Zurich_%28_Ank_Kumar%2C_Infosys%29_04.jpg
7n4b8f	3	d/d4/Asia_Carrera_law_school_graduation_day_selfie.jpg
1v82vqb	1	f/ff/Le_Mont_Saint-Michel.jpg/960px-Le_Mont_Saint-Michel.jpg
98rbm8	1	c/c4/TerracesBuffers.JPG/960px-TerracesBuffers.JPG
1v2ks1g	3	5/5e/Brazil_national_team_1970.jpg
12esxt8	3	9/99/Egyptian_football_portal_icon.png
1v3sa9x	1	e/e5/Smara%2CrooftopE.jpg/960px-Smara%2CrooftopE.jpg
18brbai	1	8/8a/2006_Asian_Games_-_4.jpg/960px-2006_Asian_Games_-_4.jpg
umtbyu	1	8/89/Airbus_A320-212%2C_Gulf_Air_AN0212197.jpg/960px-Airbus_A320-212%2C_Gulf_Air_AN0212197.jpg
1w064sn	1	f/ff/Le_Mont_Saint-Michel.jpg/960px-Le_Mont_Saint-Michel.jpg
1mzxw2i	1	a/a6/Districts_of_the_German_Democratic_Republic_-_East_Germany_%281952-1990%29.png/960px-Districts_of_the_German_Democratic_Republic_-_East_Germany_%281952-1990%29.png
8phic	1	f/f4/Spain_World_Cup_Winners_Argentina_v_Spain_19_July_2026-1.jpg/960px-Spain_World_Cup_Winners_Argentina_v_Spain_19_July_2026-1.jpg
1w2o8ey	1	8/8c/2016209185719_2016-07-27_Champions_for_Charity_-_Sven_-_1D_X_-_0149_-_DV3P4742_mod.jpg/960px-2016209185719_2016-07-27_Champions_for_Charity_-_Sven_-_1D_X_-_0149_-_DV3P4742_mod.jpg
1w0vfwg	3	f/f3/Zinedine_Zidane_by_Tasnim_03.jpg
1rla6n0	3	e/ef/Little_girl_wearing_a_white_wedding_dress_1.jpg
1alxy5s	1	3/3d/Bota_de_Oro_-_Forl%C3%A1n_%28cropped%29.jpg/960px-Bota_de_Oro_-_Forl%C3%A1n_%28cropped%29.jpg
1raro7a	1	b/bd/Bel-Tun_%282%29.jpg/960px-Bel-Tun_%282%29.jpg
1qspefr	3	c/ce/FIFA_World_Cup_Trophy_photo_by_Djuradj_Vujcic.jpg
181697	1	6/69/R%C3%A5sunda_February_2013_01.jpg/960px-R%C3%A5sunda_February_2013_01.jpg
11qk2r0	1	f/f4/Spain_World_Cup_Winners_Argentina_v_Spain_19_July_2026-1.jpg/960px-Spain_World_Cup_Winners_Argentina_v_Spain_19_July_2026-1.jpg
hx10qb	1	a/a8/Baked_in_Canada_-_20250308-1.jpg/960px-Baked_in_Canada_-_20250308-1.jpg
b8y9dg	1	8/8c/Geoff_Hurst_%282%29.jpg/960px-Geoff_Hurst_%282%29.jpg
16b0h40	3	9/9e/Hakan.jpg
1s1wqtx	3	c/c9/Abdulrahman_Fawzi.jpg
1npt348	1	e/e6/USFK_Prostitution_Warning.jpg/960px-USFK_Prostitution_Warning.jpg
jecmhm	3	5/5c/Hafid-laibee.jpg
1hpmlrj	3	5/5e/Brazil_national_team_1970.jpg
1etk2kf	1	f/ff/Le_Mont_Saint-Michel.jpg/960px-Le_Mont_Saint-Michel.jpg
v4ituk	3	b/b4/WalterZenga.jpg
fvjo7k	3	0/00/Liedholm_goal_Sweden_vs_Mexico_WC_1958.jpg
1j4z769	1	b/bf/G4_Nations.svg/960px-G4_Nations.svg.png
1tjci6r	1	5/51/Lusail_skyline_with_the_Lusail_Marina_Iconic_Development_in_the_center.jpg/960px-Lusail_skyline_with_the_Lusail_Marina_Iconic_Development_in_the_center.jpg
18bg0fw	1	3/34/Vladimir_Putin_-_2012.jpg/960px-Vladimir_Putin_-_2012.jpg
ywg1io	1	f/fb/Willem-Alexander%2C_Prince_of_Orange.jpg/960px-Willem-Alexander%2C_Prince_of_Orange.jpg
1fj73mx	1	b/bc/Camp_Nou_Experience_%28Ank_Kumar%2C_INFOSYS%29_02.jpg/960px-Camp_Nou_Experience_%28Ank_Kumar%2C_INFOSYS%29_02.jpg
bqlxfy	1	f/f9/Atlas_Van_der_Hagen-KW1049B12_088-Exactissima_totius_ARCHIPELACHI_nec_non_GRAECIAE_TABULA_in_qua_omnes_subjacentes_Regiones_et_Insulae_distincte_ostenduntur.jpeg/960px-thumbnail.jpeg
150uk6n	3	e/ee/Bundesarchiv_Bild_146-1976-116-08A%2C_Olympische_Spiele%2C_Fackell%C3%A4ufer.jpg
o6r9yv	1	0/01/Minoan_copper_ingot_from_Zakros%2C_Crete.jpg/960px-Minoan_copper_ingot_from_Zakros%2C_Crete.jpg
3n7h3i	1	4/4b/Poppy_half_marathon_%26_quarter_marathon_2014%2C_Bexhill_IMG_2608_%2815153056953%29.jpg/960px-Poppy_half_marathon_%26_quarter_marathon_2014%2C_Bexhill_IMG_2608_%2815153056953%29.jpg
1q9dmyn	3	f/fb/Nude_girl_swiming_in_lake1942_crop.jpg
1uzyuoj	3	1/1d/Olga-Pall-1947-Austria---Alpine-Skiing_%281%29.jpg
1rio5xv	1	a/ac/Weightlifting_pictogram.svg/960px-Weightlifting_pictogram.svg.png
1whtf1x	1	6/65/Akropolis_2015.jpg/960px-Akropolis_2015.jpg
e6xwlu	3	8/87/Pierre_Fredy_de_Coubertin%2C_baron_de_Coubertin.jpg
1kerzab	1	4/4b/Poppy_half_marathon_%26_quarter_marathon_2014%2C_Bexhill_IMG_2608_%2815153056953%29.jpg/960px-Poppy_half_marathon_%26_quarter_marathon_2014%2C_Bexhill_IMG_2608_%2815153056953%29.jpg
152lk9a	1	c/c6/Michael_Phelps_August_2016.jpg/960px-Michael_Phelps_August_2016.jpg
1yubkm6	3	b/bf/Tokyo_Montage_2015.jpg
v4bzo9	1	4/4b/La_Tour_Eiffel_vue_de_la_Tour_Saint-Jacques%2C_Paris_ao%C3%BBt_2014_%282%29.jpg/960px-La_Tour_Eiffel_vue_de_la_Tour_Saint-Jacques%2C_Paris_ao%C3%BBt_2014_%282%29.jpg
18pksik	3	0/03/Siege_cio.jpg
1expfdk	1	2/20/070912_-_Rebecca_McDonnell_-_3b_-_2012_Summer_Paralympics.JPG/960px-070912_-_Rebecca_McDonnell_-_3b_-_2012_Summer_Paralympics.JPG
1twgwdu	1	0/0c/Los_Angeles_Times_building_El_Segundo_California_2023-06.jpg/960px-Los_Angeles_Times_building_El_Segundo_California_2023-06.jpg
17whzy2	1	5/5e/%D9%84%D9%82%D8%A7%D8%A1_%D9%85%D8%B9_%D8%A7%D9%84%D8%A3%D8%B3%D8%AA%D8%A7%D8%B0_%D9%86%D8%A7%D8%B5%D8%B1_%D8%A7%D9%84%D8%B3%D9%8A%D8%AF.jpg/960px-%D9%84%D9%82%D8%A7%D8%A1_%D9%85%D8%B9_%D8%A7%D9%84%D8%A3%D8%B3%D8%AA%D8%A7%D8%B0_%D9%86%D8%A7%D8%B5%D8%B1_%D8%A7%D9%84%D8%B3%D9%8A%D8%AF.jpg
gm84sk	1	9/90/%D9%85%D9%86%D8%B8%D8%B1_%D9%84%D9%84%D8%B9%D8%B4%D8%A7%D8%B1.jpg/960px-%D9%85%D9%86%D8%B8%D8%B1_%D9%84%D9%84%D8%B9%D8%B4%D8%A7%D8%B1.jpg
j5axbk	3	8/8d/Nawal_El_Moutawakel_%28cropped%29.JPG
d1vs3	3	1/19/Jesse_Owens_1936.jpg
fcnn1w	1	a/a6/Competitions_in_judo_at_the_2016_Olympics_08.jpg/960px-Competitions_in_judo_at_the_2016_Olympics_08.jpg
1t2e5jm	1	f/f9/Taekwondo%26KoreanMartialArtsMagazine.jpg/960px-Taekwondo%26KoreanMartialArtsMagazine.jpg
nmkpkj	1	9/98/Cidade_Maravilhosa.jpg/960px-Cidade_Maravilhosa.jpg
1r0qz1i	1	1/16/Official_Presidential_Portrait_of_President_Donald_J._Trump_%282025%29.jpg/960px-Official_Presidential_Portrait_of_President_Donald_J._Trump_%282025%29.jpg
1hs4cm4	1	2/21/Yu-gi-oh%21_differenza_retro.jpg/960px-Yu-gi-oh%21_differenza_retro.jpg
yw5u5h	1	d/d1/%D8%A7%D9%84%D8%A8%D8%B9%D8%AB%D8%A9_%D8%A7%D9%84%D8%A3%D8%B1%D8%AF%D9%86%D9%8A%D8%A9_%D8%A7%D9%84%D9%85%D8%B4%D8%A7%D8%B1%D9%83%D8%A9_%D9%81%D9%8A_%D8%A3%D9%88%D9%84%D9%85%D8%A8%D9%8A%D8%A7%D8%AF_%D8%A7%D9%84%D8%B4%D8%A8%D8%A7%D8%A8_%D8%A8%D8%A8%D9%88%D9%8A%D9%86%D8%B3_%D8%A2%D9%8A%D8%B1%D8%B3_%D8%B9%D8%A7%D9%85_%D9%A2%D9%A0%D9%A1%D9%A8.jpg/960px-%D8%A7%D9%84%D8%A8%D8%B9%D8%AB%D8%A9_%D8%A7%D9%84%D8%A3%D8%B1%D8%AF%D9%86%D9%8A%D8%A9_%D8%A7%D9%84%D9%85%D8%B4%D8%A7%D8%B1%D9%83%D8%A9_%D9%81%D9%8A_%D8%A3%D9%88%D9%84%D9%85%D8%A8%D9%8A%D8%A7%D8%AF_%D8%A7%D9%84%D8%B4%D8%A8%D8%A7%D8%A8_%D8%A8%D8%A8%D9%88%D9%8A%D9%86%D8%B3_%D8%A2%D9%8A%D8%B1%D8%B3_%D8%B9%D8%A7%D9%85_%D9%A2%D9%A0%D9%A1%D9%A8.jpg
1vxxysn	1	8/87/Nadia_Com%C4%83neci_at_Sports_Festival_2026.jpg/960px-Nadia_Com%C4%83neci_at_Sports_Festival_2026.jpg
8vng9g	1	a/aa/Brasil_-_Czechoslovakia_basketball_on_1980_Summer_Olympics.jpg/960px-Brasil_-_Czechoslovakia_basketball_on_1980_Summer_Olympics.jpg
87gwum	1	a/aa/Biathlon_-_Paralympic_pictogram.svg/960px-Biathlon_-_Paralympic_pictogram.svg.png
ilpkxz	3	9/99/Re%C4%8Di_dopingu_ne%21.jpg
1ux5rgl	3	0/09/JOParis_1900.jpg
o4eu40	1	2/21/Tony_Hawk_skating_the_Ann_Arbor_skatepark_at_Veteran%27s_Memorial_Park_%28cropped%29.jpg/960px-Tony_Hawk_skating_the_Ann_Arbor_skatepark_at_Veteran%27s_Memorial_Park_%28cropped%29.jpg
1pn121a	3	2/2b/Hicham_El_Guerrouj_cropped.jpg
1br5k2g	1	d/d3/Stadtbild_M%C3%BCnchen.jpg/960px-Stadtbild_M%C3%BCnchen.jpg
s7q61h	1	1/16/Official_Presidential_Portrait_of_President_Donald_J._Trump_%282025%29.jpg/960px-Official_Presidential_Portrait_of_President_Donald_J._Trump_%282025%29.jpg
1rwn940	3	c/c5/Khedr_el-Touni_-_Berlin_Olympics_1936.jpg
meknr7	1	6/6f/USGA_Museum%2C_Liberty_Corner%2C_NJ.jpg/960px-USGA_Museum%2C_Liberty_Corner%2C_NJ.jpg
1j02rzd	3	b/bf/Tokyo_Montage_2015.jpg
urcv9w	1	f/f9/Atlas_Van_der_Hagen-KW1049B12_088-Exactissima_totius_ARCHIPELACHI_nec_non_GRAECIAE_TABULA_in_qua_omnes_subjacentes_Regiones_et_Insulae_distincte_ostenduntur.jpeg/960px-thumbnail.jpeg
xdiapz	3	5/5b/Antarah_ibn_Shaddad_%26_Abla.jpg
8mh5rf	1	5/56/Camel_Race_Track_Qatar.jpg/960px-Camel_Race_Track_Qatar.jpg
1xdwlld	1	9/9d/Thomas_Edison2.jpg/960px-Thomas_Edison2.jpg
1kzs1jy	3	1/10/Alexander_Graham_Bell.jpg
wqp1yp	3	4/4d/1545_gemma_frisius_-_camera-obscura-sonnenfinsternis_1545-650x337.jpg
1giqvpf	1	c/cb/Orville_Wright.jpg/960px-Orville_Wright.jpg
9flbhl	1	e/e6/Refrigerator_magnets_1.JPG/960px-Refrigerator_magnets_1.JPG
r8183c	3	d/d3/Computer_locked.jpg
glxd4a	1	3/33/Gutenberg.jpg/960px-Gutenberg.jpg
1ax32i7	4	ar/thumb/b/b0/%D8%A3%D8%A8%D8%B1%D8%A7%D8%AC_%D8%A7%D9%84%D8%B3%D8%A7%D8%B9%D8%A9.JPG/960px-%D8%A3%D8%A8%D8%B1%D8%A7%D8%AC_%D8%A7%D9%84%D8%B3%D8%A7%D8%B9%D8%A9.JPG
1i15ikc	1	b/bd/RadartimeVStangentfffAcceleration.jpg/960px-RadartimeVStangentfffAcceleration.jpg
l5q22e	1	9/9f/RCA_%E2%80%99808%E2%80%99_Power_Vacuum_Tube.jpg/960px-RCA_%E2%80%99808%E2%80%99_Power_Vacuum_Tube.jpg
tamfbl	1	b/bf/Synthetic_Production_of_Penicillin_TR1468.jpg/960px-Synthetic_Production_of_Penicillin_TR1468.jpg
1xok1b9	1	0/0d/Guglielmo_Marconi.jpg/960px-Guglielmo_Marconi.jpg
1jq96c6	1	d/d2/AlfredNobel2.jpg/960px-AlfredNobel2.jpg
sstro1	1	2/2c/James_Watt_by_Henry_Howard.jpg/960px-James_Watt_by_Henry_Howard.jpg
lwo3q4	3	3/3a/Brad_bird_cropped_2009.jpg
183e0yv	3	5/52/Alessandro_Volta.jpeg
uzb6a3	3	7/79/Tesla_circa_1890.jpeg
1k5ptcf	1	8/8d/LS3_4919_%28cropped%29.jpg/960px-LS3_4919_%28cropped%29.jpg
fe0m31	1	d/d8/Carl_Benz_c._1889.jpg/960px-Carl_Benz_c._1889.jpg
h37j7q	3	b/bd/Fahrenheit_small.jpg
u9rf3b	3	1/1e/Otis.jpg
1azuf80	3	0/0b/Ismail_al_jazari.jpg
8o5pyh	3	d/dd/Al-Khwarizmi_portrait.jpg
jkbf6i	3	7/77/Al-Zahrawi_Portrait.jpg
1ajv6fj	1	e/e7/Steve_Wozniak_by_Gage_Skidmore.jpg/960px-Steve_Wozniak_by_Gage_Skidmore.jpg
jbik8q	1	b/b7/Engraving_of_Louis_Braille_by_Henri_Thiriat_%28cropped%29.jpg/960px-Engraving_of_Louis_Braille_by_Henri_Thiriat_%28cropped%29.jpg
xcv09d	1	a/a1/Portret_van_Antonie_van_Leeuwenhoek%2C_RP-P-1903-A-23563.jpg/960px-Portret_van_Antonie_van_Leeuwenhoek%2C_RP-P-1903-A-23563.jpg
1k2r9eg	1	e/ec/Wilhelm_Conrad_R%C3%B6ntgen_%281888-1900%29%2C_88374_p.jpg/960px-Wilhelm_Conrad_R%C3%B6ntgen_%281888-1900%29%2C_88374_p.jpg
1jrr79p	3	4/4a/Bardeen.jpg
qnohm4	1	1/1f/2007Computex_e21Forum-MartinCooper.jpg/960px-2007Computex_e21Forum-MartinCooper.jpg
1lj5ekr	3	8/85/Maiman_with_the_first_laser.jpg
1qxt3ik	1	b/bd/Dr_Jonas_Edward_Salk_%28cropped%29.jpg/960px-Dr_Jonas_Edward_Salk_%28cropped%29.jpg
14v7qs5	1	9/98/Blaise_Pascal_Versailles.JPG/960px-Blaise_Pascal_Versailles.JPG
1hcwbmx	3	8/83/Hedy_Lamarr_Publicity_Photo_for_The_Heavenly_Body_1944.jpg
b81saz	1	d/d3/Sergey_Brin_Ted_2010_%28cropped%29.jpg/960px-Sergey_Brin_Ted_2010_%28cropped%29.jpg
l7qqio	3	9/99/ClaudeShannon_MFO3807.jpg
14ypnm8	1	9/95/Steve_sasson.jpg/960px-Steve_sasson.jpg
19va9nj	1	6/6c/ENIAC_Penn1.jpg/960px-ENIAC_Penn1.jpg
1mvej5k	3	8/8e/Compass_Card.png
14xii1z	1	b/b8/Professor_Shuji_Nakamura_%28Cropped%29.jpg/960px-Professor_Shuji_Nakamura_%28Cropped%29.jpg
e6ldkq	1	6/6f/Operating_system_placement-ar.svg/960px-Operating_system_placement-ar.svg.png
1fwk27v	3	d/da/Ibn_Al_Nafis_statue.jpg
1k89118	1	a/af/All_Gizah_Pyramids.jpg/960px-All_Gizah_Pyramids.jpg
nvobvp	1	d/d3/Great_Sphinx_of_Giza_May_2015.JPG/960px-Great_Sphinx_of_Giza_May_2015.JPG
13szii2	1	1/1d/The_Nile_River_at_Cairo.jpg/960px-The_Nile_River_at_Cairo.jpg
776i44	3	4/46/American_Pharoah.jpg
8b86wc	1	9/9d/Berl%C3%ADn_Ishtar_05.JPG/960px-Berl%C3%ADn_Ishtar_05.JPG
5ygykf	1	a/ac/Maerten_van_Heemskerck_-_Self-portrait%2C_with_the_Colosseum_%28Fitzwilliam_Museum%29.jpg/960px-Maerten_van_Heemskerck_-_Self-portrait%2C_with_the_Colosseum_%28Fitzwilliam_Museum%29.jpg
1gbixr7	3	c/c9/Hieroglyphs_from_the_tomb_of_Seti_I.jpg
1n8ib91	1	b/b9/Petra_Treasury.jpg/960px-Petra_Treasury.jpg
2nhil4	1	2/23/The_Great_Wall_of_China_at_Jinshanling-edit.jpg/960px-The_Great_Wall_of_China_at_Jinshanling-edit.jpg
jusmkh	1	3/3e/Kleopatra-VII.-Altes-Museum-Berlin1.jpg/960px-Kleopatra-VII.-Altes-Museum-Berlin1.jpg
ifmso3	1	c/c0/Sumer_Detailed.png/960px-Sumer_Detailed.png
1jihui	1	9/94/P1050763_Louvre_code_Hammurabi_face_rwk-gradient.jpg/960px-P1050763_Louvre_code_Hammurabi_face_rwk-gradient.jpg
1ty7m2o	1	2/23/Rosetta_Stone.JPG/960px-Rosetta_Stone.JPG
1n4ky99	1	9/9e/Suntur_Paucar.svg/960px-Suntur_Paucar.svg.png
1kavlef	1	8/84/Maya-Maske.jpg/960px-Maya-Maske.jpg
170uasu	1	5/5d/Alexander_the_Great_Ny_Carlsberg_Glyptotek_IN574_n1.jpg/960px-Alexander_the_Great_Ny_Carlsberg_Glyptotek_IN574_n1.jpg
s574ny	1	4/42/Rorbye_parthenon_mosque.jpg/960px-Rorbye_parthenon_mosque.jpg
14333n4	1	7/70/King_Tut_Burial_Mask.jpg/960px-King_Tut_Burial_Mask.jpg
1g1zco7	1	f/f5/Rome_Skyline_%288012016319%29.jpg/960px-Rome_Skyline_%288012016319%29.jpg
qzb9xl	1	c/c8/Royal_Mausoleum_of_Mauretania_2014.jpg/960px-Royal_Mausoleum_of_Mauretania_2014.jpg
1srviwq	1	b/b9/Petra_Treasury.jpg/960px-Petra_Treasury.jpg
1abn0fd	1	8/86/Babylon%3B_the_city_%28above%29%3B_the_hanging_gardens_of_Babylon_Wellcome_L0047679.jpg/960px-Babylon%3B_the_city_%28above%29%3B_the_hanging_gardens_of_Babylon_Wellcome_L0047679.jpg
1a9r29t	1	e/e3/Kheops-Pyramid.jpg/960px-Kheops-Pyramid.jpg
1hsajq1	1	5/5f/Pompeii_%284873744179%29.jpg/960px-Pompeii_%284873744179%29.jpg
1o4z1a8	1	9/94/Himyarite_Kingdom.png/960px-Himyarite_Kingdom.png
une3rc	1	0/0f/Palmyrene_Empire-ar.png/960px-Palmyrene_Empire-ar.png
12cz6pt	1	6/6c/Leon_Cogniet_-_Jean-Francois_Champollion.jpg/960px-Leon_Cogniet_-_Jean-Francois_Champollion.jpg
196freg	1	c/c0/Sumer_Detailed.png/960px-Sumer_Detailed.png
nzpm8	1	b/b4/Nice_and_Mont-Boron.jpg/960px-Nice_and_Mont-Boron.jpg
na3k4w	1	8/87/Standard_of_Cyrus_the_Great.svg/960px-Standard_of_Cyrus_the_Great.svg.png
g98fps	1	5/54/Dancing_Girl_of_Mohenjo-daro.jpg/960px-Dancing_Girl_of_Mohenjo-daro.jpg
1glwqql	1	3/39/Flickr_-_Gaspa_-_Valle_dei_Re%2C_panorama_%284%29.jpg/960px-Flickr_-_Gaspa_-_Valle_dei_Re%2C_panorama_%284%29.jpg
sbb50s	1	a/a8/Hannibal_Slodtz_Louvre_MR2093.jpg/960px-Hannibal_Slodtz_Louvre_MR2093.jpg
u58l7r	1	0/07/Kushite_heartland_and_Kushite_Empire_of_the_25th_dynasty_circa_700_BCE.jpg/960px-Kushite_heartland_and_Kushite_Empire_of_the_25th_dynasty_circa_700_BCE.jpg
1ohlf4a	1	f/f0/The_Kingdom_of_Aksum.png/960px-The_Kingdom_of_Aksum.png
8o6jtg	1	8/88/51714-Terracota-Army.jpg/960px-51714-Terracota-Army.jpg
1jxpffw	1	4/40/Alabaster_flacon_archmus_Heraklion.jpg/960px-Alabaster_flacon_archmus_Heraklion.jpg
1gplij9	3	8/8d/Hatra_ruins.jpg
blt7st	1	e/ee/Umayyad_Mosque_night.jpg/960px-Umayyad_Mosque_night.jpg
n3jauk	1	d/d5/G%C3%B6bekli_Tepe%2C_Urfa.jpg/960px-G%C3%B6bekli_Tepe%2C_Urfa.jpg
1eoq0oi	1	6/66/NAMA_Machine_d%27Anticyth%C3%A8re_1.jpg/960px-NAMA_Machine_d%27Anticyth%C3%A8re_1.jpg
1w8j87b	1	c/c0/Sumer_Detailed.png/960px-Sumer_Detailed.png
1xlffs4	1	7/7c/Empire_neo_assyrien.svg/960px-Empire_neo_assyrien.svg.png
n68016	1	a/a7/ZA77_Teotihuac%C3%A1n_edo_de_mex_Herberto_de_la_rosa.jpg/960px-ZA77_Teotihuac%C3%A1n_edo_de_mex_Herberto_de_la_rosa.jpg
2owu7c	1	f/ff/Duck_container_Louvre_AO14779.jpg/960px-Duck_container_Louvre_AO14779.jpg
65zac7	1	1/1f/Shibam_Wadi_Hadhramaut_Yemen.jpg/960px-Shibam_Wadi_Hadhramaut_Yemen.jpg
18dhhkl	1	2/22/Lighthouse_-_Thiersch.png/960px-Lighthouse_-_Thiersch.png
1en8qp3	1	6/64/Ancientlibraryalex.jpg/960px-Ancientlibraryalex.jpg
acheo1	1	a/af/All_Gizah_Pyramids.jpg/960px-All_Gizah_Pyramids.jpg
1kj1duh	1	b/b0/Tour_Eiffel_-_20150801_15h30_%2810621%29.jpg/960px-Tour_Eiffel_-_20150801_15h30_%2810621%29.jpg
19qmhav	4	ar/thumb/6/65/%D8%A8%D8%B1%D8%AC_%D8%AE%D9%84%D9%8A%D9%81%D8%A9.jpg/960px-%D8%A8%D8%B1%D8%AC_%D8%AE%D9%84%D9%8A%D9%81%D8%A9.jpg
1nnal1d	1	9/93/Statue_of_Liberty_and_a_sightseeing_boat%2C_Liberty_Island%2C_New_York.jpg/960px-Statue_of_Liberty_and_a_sightseeing_boat%2C_Liberty_Island%2C_New_York.jpg
1k9tfux	1	b/bd/Taj_Mahal%2C_Agra%2C_India_edit3.jpg/960px-Taj_Mahal%2C_Agra%2C_India_edit3.jpg
1goggj6	1	e/e8/Apollo_15_feather_and_hammer_drop.ogv/500px--Apollo_15_feather_and_hammer_drop.ogv.jpg
rnj7vo	1	8/89/The_Ka%27ba%2C_Great_Mosque_of_Mecca%2C_Saudi_Arabia_%284%29.jpg/960px-The_Ka%27ba%2C_Great_Mosque_of_Mecca%2C_Saudi_Arabia_%284%29.jpg
qwemcj	1	4/40/Sydney_Opera_House_Sails.jpg/960px-Sydney_Opera_House_Sails.jpg
xdg3gu	1	e/e1/Clock_Tower_-_Palace_of_Westminster%2C_London_-_September_2006.jpg/960px-Clock_Tower_-_Palace_of_Westminster%2C_London_-_September_2006.jpg
1p5mn40	1	4/4f/Modern_Istanbul_skyline.jpg/960px-Modern_Istanbul_skyline.jpg
129t6lr	3	3/37/DSCN4405_viewfromgoatislandtoamfalls_e.jpg
ole08a	1	8/8a/Alhambra_detail.jpg/960px-Alhambra_detail.jpg
wxl3e7	3	8/8b/Angkor_Wat_W-Seite.jpg
7l5ck5	1	1/1e/Golden_gate2.jpg/960px-Golden_gate2.jpg
18jqxrg	1	4/4f/Christ_the_Redeemer_-_Cristo_Redentor.jpg/960px-Christ_the_Redeemer_-_Cristo_Redentor.jpg
gjw80v	1	e/ee/Kremlin_and_Red_Square.1.jpg/960px-Kremlin_and_Red_Square.1.jpg
1ekmq27	1	9/9f/Galerie_d%27Apollon_%28Louvre%29.jpg/960px-Galerie_d%27Apollon_%28Louvre%29.jpg
1vhafoo	1	0/05/Southwest_corner_of_Central_Park%2C_looking_east%2C_NYC.jpg/960px-Southwest_corner_of_Central_Park%2C_looking_east%2C_NYC.jpg
byvq73	1	0/0f/Stonehenge%2C_Salisbury_retouched.jpg/960px-Stonehenge%2C_Salisbury_retouched.jpg
19ddr4h	1	5/58/Tokyo_Tower_2023.jpg/960px-Tokyo_Tower_2023.jpg
uvftxr	1	7/72/Buckingham_Palace_from_gardens%2C_London%2C_UK_-_Diliff.jpg/960px-Buckingham_Palace_from_gardens%2C_London%2C_UK_-_Diliff.jpg
fn93ne	1	b/bb/Machu_Picchu%2C_2023_%28012%29.jpg/960px-Machu_Picchu%2C_2023_%28012%29.jpg
ozvm74	1	d/df/00_0568_Saint_Basil%27s_Cathedral_-_Moscow.jpg/960px-00_0568_Saint_Basil%27s_Cathedral_-_Moscow.jpg
1cb30px	1	e/ef/The_Forbidden_City_-_View_from_Coal_Hill.jpg/960px-The_Forbidden_City_-_View_from_Coal_Hill.jpg
1xqyaur	1	8/87/Mount_Rushmore_detail_view_%28100MP%29.jpg/960px-Mount_Rushmore_detail_view_%28100MP%29.jpg
176hm1i	1	8/84/Tokyo_Skytree_2014_%E2%85%A2.jpg/960px-Tokyo_Skytree_2014_%E2%85%A2.jpg
1gawl9h	1	4/44/Petronas_Towers_at_Night_-_from_the_base_upwards.jpg/960px-Petronas_Towers_at_Night_-_from_the_base_upwards.jpg
ml9et9	1	c/c1/Guggenheim_Bilbao_may-2006.jpg/960px-Guggenheim_Bilbao_may-2006.jpg
18ol38k	1	2/26/%CE%A3%CE%B1%CE%B3%CF%81%CE%AC%CE%B4%CE%B1_%CE%A6%CE%B1%CE%BC%CE%AF%CE%BB%CE%B9%CE%B1_2941.jpg/960px-%CE%A3%CE%B1%CE%B3%CF%81%CE%AC%CE%B4%CE%B1_%CE%A6%CE%B1%CE%BC%CE%AF%CE%BB%CE%B9%CE%B1_2941.jpg
1prnr06	1	3/30/Sunset_at_Uluru_on_July_30%2C_2005.jpg/960px-Sunset_at_Uluru_on_July_30%2C_2005.jpg
6hrmqi	1	7/76/Bosphorus_Bridge.jpg/960px-Bosphorus_Bridge.jpg
1uxm51p	3	a/a1/Grand_Canyon_cloud.jpg
1xj13r2	1	c/c2/Zayed_bin_Sultan_Al_Nahyan.jpg/960px-Zayed_bin_Sultan_Al_Nahyan.jpg
h50knc	1	a/a6/Brandenburger_Tor_abends.jpg/960px-Brandenburger_Tor_abends.jpg
1du4hhj	1	9/95/Cour_royale_de_Versailles.jpg/960px-Cour_royale_de_Versailles.jpg
1e1e2lp	1	5/5d/20141120_gotthard-basistunnel02-wikipedia-hannes-ortlieb.jpg/960px-20141120_gotthard-basistunnel02-wikipedia-hannes-ortlieb.jpg
spbslk	1	8/8d/34_sibirien_sviatoinos_bucht.jpg/960px-34_sibirien_sviatoinos_bucht.jpg
2y4l9p	1	8/8a/Alhambra_detail.jpg/960px-Alhambra_detail.jpg
ljzhr4	1	4/40/Rano_Raraku_quarry.jpg/960px-Rano_Raraku_quarry.jpg
yz4v6q	1	1/19/Salto_Angel_Dry_Season.jpg/960px-Salto_Angel_Dry_Season.jpg
11lfbbz	1	1/11/Bibliotheca_Alexandrina_%28Alexandrie_biblioth%C3%A8que%29.jpg/960px-Bibliotheca_Alexandrina_%28Alexandrie_biblioth%C3%A8que%29.jpg
nz6ihi	1	b/b8/Edited_Great_Mosque_of_Mecca1_5-2019-ccsa4.0_%28cropped%29.jpg/960px-Edited_Great_Mosque_of_Mecca1_5-2019-ccsa4.0_%28cropped%29.jpg
a7spbv	1	8/8e/201603_Danyang-Kunshan_grand_bridge_%28wuxi%29.JPG/960px-201603_Danyang-Kunshan_grand_bridge_%28wuxi%29.JPG
60ymlr	1	5/5a/Acer_cappadocicum.jpg/960px-Acer_cappadocicum.jpg
1tsk8u5	1	1/10/CentralParkTowerSep20.jpg/500px-CentralParkTowerSep20.jpg
1rw5xt1	1	c/c1/Himeji_castle_in_may_2015.jpg/960px-Himeji_castle_in_may_2015.jpg
10ysy3i	1	a/a4/Bete_Giyorgis_01.jpg/960px-Bete_Giyorgis_01.jpg
1syaqoc	1	9/9f/Galerie_d%27Apollon_%28Louvre%29.jpg/960px-Galerie_d%27Apollon_%28Louvre%29.jpg
1bt05uh	1	7/71/The_Egyptian_Museum.jpg/960px-The_Egyptian_Museum.jpg
7j34iv	1	c/cb/Orville_Wright.jpg/960px-Orville_Wright.jpg
dqtpme	1	6/6d/Al_Matar_Al_Qadeem_Street_in_Old_Airport.jpg/960px-Al_Matar_Al_Qadeem_Street_in_Old_Airport.jpg
1gdi05z	3	5/58/Dr._Nasser_Bin_Aqeel_Abdullah_Al_Tayyar.jpg
41aj9e	1	a/a6/13-08-06-Cockpit-d-alpa-a330-200.jpg/960px-13-08-06-Cockpit-d-alpa-a330-200.jpg
oukf1k	1	a/a8/Metriorrhynchus_rhipidius02.jpg/960px-Metriorrhynchus_rhipidius02.jpg
ippl86	3	3/3a/The_Black_Box_%281915%29_-_15.jpg
qinxb8	1	b/b1/Boeing_Everett_Plant.jpg/960px-Boeing_Everett_Plant.jpg
19uby4e	1	3/33/Airbus_-_Site_de_Saint-Martin_%28Blagnac%29_-_02_-_2016-06-19.jpg/960px-Airbus_-_Site_de_Saint-Martin_%28Blagnac%29_-_02_-_2016-06-19.jpg
jlpq4c	3	3/30/Watchtower_-_july_1879.jpg
9el1nu	1	b/b8/OH-6_Cayuse.jpg/960px-OH-6_Cayuse.jpg
1rzu0fa	1	9/9e/Airbus_A380_Bourget_2017_n4.jpg/960px-Airbus_A380_Bourget_2017_n4.jpg
fg8fap	1	f/fa/Place_de_la_Concorde_from_the_Eiffel_Tower%2C_Paris_April_2011.jpg/960px-Place_de_la_Concorde_from_the_Eiffel_Tower%2C_Paris_April_2011.jpg
3byqv9	1	9/98/Saudi_arabian_airlines_planes_%28456573495%29.jpg/960px-Saudi_arabian_airlines_planes_%28456573495%29.jpg
6hpy5b	1	0/05/Council_President_of_the_International_Civil_Aviation_Organization%2C_Azerbaijan%2C_1999.jpg/960px-Council_President_of_the_International_Civil_Aviation_Organization%2C_Azerbaijan%2C_1999.jpg
qlxvcb	1	d/d0/FA-18_Hornet_breaking_sound_barrier_%287_July_1999%29.jpg/960px-FA-18_Hornet_breaking_sound_barrier_%287_July_1999%29.jpg
rs1nbw	3	5/56/Radar_System-ar.png
1hro158	1	4/4b/Lockheed_188_Electra_PH-LLD_KLM_07.65.jpg/960px-Lockheed_188_Electra_PH-LLD_KLM_07.65.jpg
1erluvg	1	a/a9/Charles_W_Lindberg_Headstone.jpg/960px-Charles_W_Lindberg_Headstone.jpg
1t51aaa	1	8/8a/Earhart.jpg/960px-Earhart.jpg
eohryp	1	c/cb/Fokker.70.spoilers.arp.jpg/960px-Fokker.70.spoilers.arp.jpg
1o6tm9i	1	3/37/14ilf1l.svg/960px-14ilf1l.svg.png
1cjcuk6	1	6/69/COVID-19_Cases_in_Singapore_by_Planning_Areas.svg/960px-COVID-19_Cases_in_Singapore_by_Planning_Areas.svg.png
1p65wwx	1	c/c9/Iraqi_Airways_Boeing_737-81Z_at_Munich_Airport.jpg/960px-Iraqi_Airways_Boeing_737-81Z_at_Munich_Airport.jpg
ek0xly	1	0/00/Dubai_Airport.jpg/960px-Dubai_Airport.jpg
1p7u9dd	1	2/28/Ozone_cycle.svg/960px-Ozone_cycle.svg.png
kmzi53	1	7/76/Pilot_whale_spyhop.jpg/960px-Pilot_whale_spyhop.jpg
1hshg2c	3	6/6a/Pterion.PNG
1kb76w9	3	1/19/Refuelling.750pix.jpg
1e8rksm	3	9/9e/DH106_Comet_3_G-ANLO_FAR_1954.jpg
1s5kpor	1	2/22/Airbus_A350-941_F-WWCF_MSN002_blended_winglet_ILA_Berlin_2016_08.jpg/960px-Airbus_A350-941_F-WWCF_MSN002_blended_winglet_ILA_Berlin_2016_08.jpg
ce6dns	3	8/88/TCAS_Indicator.jpg
k0t0ky	1	0/06/%D7%9C%D7%99%D7%9C_%D7%94%D7%92%D7%9C%D7%A9%D7%95%D7%A0%D7%99%D7%9D_4.jpg/960px-%D7%9C%D7%99%D7%9C_%D7%94%D7%92%D7%9C%D7%A9%D7%95%D7%A0%D7%99%D7%9D_4.jpg
13volak	1	c/cf/Football_pictogram.svg/960px-Football_pictogram.svg.png
14qta6b	1	a/aa/Antonov_An-225_with_Buran_at_Le_Bourget_1989_Manteufel.jpg/960px-Antonov_An-225_with_Buran_at_Le_Bourget_1989_Manteufel.jpg
4wflca	3	8/80/Turbofan_operation-ar.png
1325a8t	1	8/8a/011_Aircraft_of_various_airlines_together_at_Narita_Airport%2C_Japan._Swiss_Air_Lines%2C_United_Airlines%2C_Thai_Airways.JPG/960px-011_Aircraft_of_various_airlines_together_at_Narita_Airport%2C_Japan._Swiss_Air_Lines%2C_United_Airlines%2C_Thai_Airways.JPG
1he3cyj	1	7/73/SolarImpulse_HB-SIA_landing_Brussels_Airport_3-crop.jpg/960px-SolarImpulse_HB-SIA_landing_Brussels_Airport_3-crop.jpg
1x12j89	1	d/de/Antonov_An-74_2.jpg/960px-Antonov_An-74_2.jpg
hnndp3	1	f/f5/US_Navy_080220-N-5180F-015_A_Marine_Corps_MV-22_Osprey_prepares_to_land_aboard_the_amphibious_assault_ship_USS_Nassau_%28LHA_4%29.jpg/960px-US_Navy_080220-N-5180F-015_A_Marine_Corps_MV-22_Osprey_prepares_to_land_aboard_the_amphibious_assault_ship_USS_Nassau_%28LHA_4%29.jpg
1ithtt7	3	7/78/VenturiFlow.png
p9iz8d	3	1/19/Zilog_Z80.jpg
gqcvq2	1	0/02/Cerastium_arvense_5713.JPG/960px-Cerastium_arvense_5713.JPG
18uxc7z	3	2/27/Ibdb-may-10-2021.png
10d5nrf	1	3/3f/Windows_XP_SP2_boot_screen.png/960px-Windows_XP_SP2_boot_screen.png
17wuafj	3	7/7b/M%C3%A4luketas.jpg
8k5qk	1	b/b6/The_BHL-Wiki_New_Tab_Add-On_on_Firefox.png/960px-The_BHL-Wiki_New_Tab_Add-On_on_Firefox.png
1p3g1qw	1	f/f3/Apple_II_at_Mus%C3%A9e_Bolo.jpg/960px-Apple_II_at_Mus%C3%A9e_Bolo.jpg
vbtla0	1	e/e1/Pathogens-04-00682-g001.png/960px-Pathogens-04-00682-g001.png
1er5o2s	3	a/a4/JavaScript_code.png
d1077l	3	5/56/Addwiki_Wikidata_Microdata_Referencer_CLI.JPG
19rodfz	1	1/1b/Rock_en_Seine_2007%2C_Cansei_de_Ser_Sexy_1.jpg/960px-Rock_en_Seine_2007%2C_Cansei_de_Ser_Sexy_1.jpg
104lyqh	1	3/35/Tux.svg/960px-Tux.svg.png
dfuqfu	3	8/88/Bill_Gates_at_the_European_Commission_-_2025_-_P067383-987995_%28cropped%29.jpg
izygbd	1	6/67/Steve_Jobs_Headshot_2010.JPG/960px-Steve_Jobs_Headshot_2010.JPG
dyqc44	1	d/d2/Bitcoin_on_Laptop_Keyboard.jpg/960px-Bitcoin_on_Laptop_Keyboard.jpg
zsrird	1	3/35/Albite2.jpg/960px-Albite2.jpg
2bwf6e	1	d/d6/Google_Android.jpg/960px-Google_Android.jpg
1pm4yqj	3	6/61/Non-binary_pronouns.png
1eew5he	1	9/98/Tcp-handshake.svg/960px-Tcp-handshake.svg.png
13k6sp5	1	d/df/Domain-name-system.jpg/960px-Domain-name-system.jpg
ehpxtf	3	d/d5/GetOutFilm.jpg
1gpbqge	3	1/15/Github_contributors_for_Commons_app.png
1uexdt9	1	f/f1/Java_mainstreet.jpg/960px-Java_mainstreet.jpg
62f3d2	1	4/40/Blausen_0086_Blood_Bag.png/960px-Blausen_0086_Blood_Bag.png
6qvs59	3	0/06/Queueing_node_service_digram.png
1qwsh22	3	6/6f/Sql_database_shortcut_icon.png
1hsdpsg	3	6/66/Alan_Turing_%281951%29_%28crop%29.jpg
1uve6m0	1	d/d6/JohnvonNeumann-LosAlamos.jpg/960px-JohnvonNeumann-LosAlamos.jpg
1if69sk	1	d/d2/Hans_Holbein%2C_the_Younger_-_Sir_Thomas_More_-_Google_Art_Project.jpg/960px-Hans_Holbein%2C_the_Younger_-_Sir_Thomas_More_-_Google_Art_Project.jpg
1fpuepd	3	1/1b/Sorting_heapsort_anim.gif
13lwx74	1	a/a0/Egyptian_hieroglyphs_Louvre_AF9459-01a.jpg/960px-Egyptian_hieroglyphs_Louvre_AF9459-01a.jpg
1dfcodn	1	c/cc/HTTPS_Browser_%2813792583873%29.jpg/960px-HTTPS_Browser_%2813792583873%29.jpg
1elybhe	1	e/e7/Belva_Ann_Bennett_Lockwood.jpg/960px-Belva_Ann_Bennett_Lockwood.jpg
1pvoxsa	3	b/be/Deep_Blue.jpg
zkzxio	3	4/46/International_Morse_Code.ar.PNG
1c6d3yt	1	1/10/Advanced_Computer_Techniques_Ada_Jovial_Fortran_1750A_pin_button.jpg/960px-Advanced_Computer_Techniques_Ada_Jovial_Fortran_1750A_pin_button.jpg
v6kj7v	1	1/11/GLPK_solution_of_a_travelling_salesman_problem.svg/960px-GLPK_solution_of_a_travelling_salesman_problem.svg.png
15n2lzt	3	d/d5/Hsv_encephalitis.jpg
80cecj	1	6/60/IBM_Q_system_%28Fraunhofer_2%29.jpg/960px-IBM_Q_system_%28Fraunhofer_2%29.jpg
1me6bkz	1	6/69/Seija-Simola-1969.jpg/960px-Seija-Simola-1969.jpg
1sd6g23	1	a/a0/MVC-Process.svg/960px-MVC-Process.svg.png
mc0dhi	3	0/0f/KWD_against_USD_ar.PNG
sizedt	1	9/9b/Morning-glory-C6295b.jpg/960px-Morning-glory-C6295b.jpg
ffww3p	1	9/92/Zagreb_tram_promotion_euro_area_02.jpg/960px-Zagreb_tram_promotion_euro_area_02.jpg
1xvef6t	1	e/ef/Korean_yen_1944.jpg/960px-Korean_yen_1944.jpg
1gssvts	1	9/98/Saudi_Riyal_Symbol.svg/960px-Saudi_Riyal_Symbol.svg.png
1wluk78	3	f/f3/1940_Bank_of_Hyderabad_10_Rupees.jpg
16ycdet	3	d/d4/Egyptian_1_pound_issued_1930_back.jpg
5ceapg	3	7/70/Egyptian_Central_Bank_building.jpg
vybxk9	1	e/ee/UAE_Dirham_Symbol.svg/960px-UAE_Dirham_Symbol.svg.png
148vu9	1	e/e4/Holding_Bitcoin_cryptocurrency_coin.jpg/960px-Holding_Bitcoin_cryptocurrency_coin.jpg
l1gx6o	1	7/73/%E5%8D%97%E5%9F%8E%2C_%E4%B8%9C%E8%8E%9E%E5%B8%82%2C_%E4%B8%AD%E5%9B%BD_Mar_03%2C_2021_20-59-43.jpeg/960px-%E5%8D%97%E5%9F%8E%2C_%E4%B8%9C%E8%8E%9E%E5%B8%82%2C_%E4%B8%AD%E5%9B%BD_Mar_03%2C_2021_20-59-43.jpeg
16los6m	3	a/a7/New_Turkish_Lira-set.jpg
1pfctpi	3	c/cb/CHF_coins.jpg
1yb90nu	1	e/e8/Vinay_bhanawat_786_Indian_Currency_Note_collection_world_records_India.JPG/960px-Vinay_bhanawat_786_Indian_Currency_Note_collection_world_records_India.JPG
1bom1ug	1	0/09/Current_Russian_Ruble_%28coins%29.png/960px-Current_Russian_Ruble_%28coins%29.png
1v4cooi	1	a/a9/Economics_circular_flow_cartoon-ar.png/960px-Economics_circular_flow_cartoon-ar.png
1350pqp	3	7/70/Egyptian_Central_Bank_building.jpg
1yemn59	1	f/f3/Stock_Exchange_Yangon.jpg/960px-Stock_Exchange_Yangon.jpg
bjq2r2	3	0/0f/KWD_against_USD_ar.PNG
dz6wek	1	6/62/Countries_by_GDP_%28nominal%29.svg/960px-Countries_by_GDP_%28nominal%29.svg.png
16vue5x	1	8/8e/Opec_Organization_of_the_Petroleum_Exporting_Countries_countries_2006.png/960px-Opec_Organization_of_the_Petroleum_Exporting_Countries_countries_2006.png
l4z8vz	1	3/3e/IMF-Seal_ENG_RGB.svg/960px-IMF-Seal_ENG_RGB.svg.png
11gwamm	1	e/e8/2000_Events_montage_16-grid_version.jpg/960px-2000_Events_montage_16-grid_version.jpg
54569y	3	0/04/Keynes_1933.jpg
n2txur	1	0/0a/AdamSmith.jpg/960px-AdamSmith.jpg
q7ccm2	1	f/f5/Photos_NewYork1_032.jpg/960px-Photos_NewYork1_032.jpg
1nbboqr	1	2/29/Bernard_d%27Agesci_La_Justice.jpg/960px-Bernard_d%27Agesci_La_Justice.jpg
13133eb	1	4/4b/China_-_5732266939_Gold_-_M%C3%BCnzen_-_Barren.jpg/960px-China_-_5732266939_Gold_-_M%C3%BCnzen_-_Barren.jpg
1n3f4mo	1	2/27/BankingCrises.svg/960px-BankingCrises.svg.png
1ai9kuq	1	d/d9/2007_Events_montage_16-grid_version.jpg/960px-2007_Events_montage_16-grid_version.jpg
nt21b1	1	f/f1/US_Unemployment_from_1910-1960.svg/960px-US_Unemployment_from_1910-1960.svg.png
645spk	1	c/cb/S%26P_500_Headquarters.svg/960px-S%26P_500_Headquarters.svg.png
1apkzkk	3	1/15/Pn-meeting-profsojuz-1998-chubais.jpg
hlfvjf	1	0/0d/Nobel2008Economics_news_conference1.jpg/960px-Nobel2008Economics_news_conference1.jpg
s3ly5s	1	8/8d/Marriner_S._Eccles_Federal_Reserve_Board_Building.jpg/960px-Marriner_S._Eccles_Federal_Reserve_Board_Building.jpg
1otskwz	1	0/0f/Banco_de_Inglaterra%2C_Londres%2C_Inglaterra%2C_2014-08-11%2C_DD_141.JPG/960px-Banco_de_Inglaterra%2C_Londres%2C_Inglaterra%2C_2014-08-11%2C_DD_141.JPG
gyfqfx	1	0/07/Bank_Islam.jpg/960px-Bank_Islam.jpg
1dfdm80	1	0/0a/AdamSmith.jpg/960px-AdamSmith.jpg
uxgeuc	1	a/a9/Economics_circular_flow_cartoon-ar.png/960px-Economics_circular_flow_cartoon-ar.png
ngn9x9	1	3/39/Economics_Gini_coefficient2-ar.svg/960px-Economics_Gini_coefficient2-ar.svg.png
11wd0x2	1	4/48/20220525.Amsterdam.-028.jpg/960px-20220525.Amsterdam.-028.jpg
q57i3j	3	4/40/Supply.gif
1gw2ld9	3	8/89/Bundesarchiv_Bild_183-R1215-506%2C_Berlin%2C_Reichsbank%2C_Geldauflieferungsstelle.jpg
vfd0ii	3	f/fd/PPF_opportunity_cost_inverted_si.png
o9ao16	1	6/6d/Nikkei_225%281970-%29.svg/960px-Nikkei_225%281970-%29.svg.png
bepziv	3	e/e9/Ibrahim_Olabi_from_OPCW_Group_Photo.jpg
1w8zf3	1	b/b3/World_Health_Organisation_regional_offices.svg/960px-World_Health_Organisation_regional_offices.svg.png
l6xkfz	1	5/52/FIFA_World_Museum%2C_Zurich_%28_Ank_Kumar%2C_Infosys%29_04.jpg/960px-FIFA_World_Museum%2C_Zurich_%28_Ank_Kumar%2C_Infosys%29_04.jpg
12oh56r	3	3/3f/Iraq-infant-mortality.png
hek4rw	1	1/1d/Arab_League_History.svg/960px-Arab_League_History.svg.png
1cqax8r	3	b/ba/Medilunaroja.jpg
16ykfwq	1	7/7a/View_of_Empire_State_Building_from_Rockefeller_Center_New_York_City_dllu_%28cropped%29.jpg/960px-View_of_Empire_State_Building_from_Rockefeller_Center_New_York_City_dllu_%28cropped%29.jpg
14sqlkb	1	2/21/Lancering_Nederlands_Memory_of_the_World_register_bij_Tresoar_IMG_20221103_202954_3_november_2022.jpg/960px-Lancering_Nederlands_Memory_of_the_World_register_bij_Tresoar_IMG_20221103_202954_3_november_2022.jpg
1qrht8m	1	5/54/Arab_Gulf_States_arabic.png/960px-Arab_Gulf_States_arabic.png
or25t8	3	2/24/Iran-Iraq_War_Montage.png
1ng4i9w	1	3/3f/HK_CWB_%E9%8A%85%E9%91%BC%E7%81%A3_Causeway_Bay_%E6%99%82%E4%BB%A3%E5%BB%A3%E5%A0%B4_Times_Square_mall_void_exhibition_Juventus_Football_Club_September_2021_SS2_005.jpg/960px-HK_CWB_%E9%8A%85%E9%91%BC%E7%81%A3_Causeway_Bay_%E6%99%82%E4%BB%A3%E5%BB%A3%E5%A0%B4_Times_Square_mall_void_exhibition_Juventus_Football_Club_September_2021_SS2_005.jpg
1ho95mn	1	0/01/OIC_opposite_colored_version.png/960px-OIC_opposite_colored_version.png
qpr42l	1	e/e6/Views_of_Geneva.jpg/960px-Views_of_Geneva.jpg
1ot2h4u	3	3/39/CAF_Cup_-_trophy.png
qfyrio	3	c/c1/%D9%85%D8%AD%D8%A7%D9%85%D9%8A_%D8%B9%D8%B6%D9%88_%D8%A3%D8%AA%D8%AD%D8%A7%D8%AF_%D8%A7%D9%84%D9%85%D8%AD%D8%A7%D9%85%D9%8A%D9%86_%D8%A7%D9%84%D8%B9%D8%B1%D8%A8_%D9%85%D8%AD%D9%83%D9%85_%D8%AF%D9%88%D9%84%D9%8A_%D9%85%D9%86_%D8%A7%D9%84%D9%87%D8%A6%D9%8A%D8%A9_%D8%A7%D9%84%D8%AF%D9%88%D9%84%D9%8A%D8%A9_%D9%84%D9%84%D8%AA%D8%AD%D9%83%D9%8A%D9%85_%D8%B9%D8%B6%D9%88_%D9%87%D8%A6%D9%8A%D8%A9_%D8%AD%D9%82%D9%88%D9%82_%D8%A7%D9%84%D8%A7%D9%86%D8%B3%D8%A7%D9%86_%D8%B9%D8%B6%D9%88_%D8%A7%D9%84%D9%85%D8%AD%D9%83%D9%85%D8%A9_%D8%A7%D9%84%D8%AC%D9%86%D8%A7%D8%A6%D9%8A%D8%A9_%D8%A8%D8%AC%D9%86%D9%8A%D9%81.jpg
1fa7be7	3	7/75/JAEC_emblum.jpg
lxm2ey	1	5/5d/League_of_Nations_Organization.png/960px-League_of_Nations_Organization.png
31dijy	1	2/2f/Berlin_Cathedral%2C_Berliner_Dom_%2B_Boat_Tour%2C_Schiffstour.jpg/960px-Berlin_Cathedral%2C_Berliner_Dom_%2B_Boat_Tour%2C_Schiffstour.jpg
1kinzd6	1	6/6d/The_Hague_Montage_2021.png/960px-The_Hague_Montage_2021.png
k4pyrj	1	5/57/%D8%B4%D9%87%D8%A7%D8%AF%D8%A9_%D9%85%D9%86%D8%B8%D9%85%D8%A9_%D8%A7%D9%84%D8%B9%D9%85%D9%84_%D8%A7%D9%84%D8%AF%D9%88%D9%84%D9%8A%D8%A9.jpg/960px-%D8%B4%D9%87%D8%A7%D8%AF%D8%A9_%D9%85%D9%86%D8%B8%D9%85%D8%A9_%D8%A7%D9%84%D8%B9%D9%85%D9%84_%D8%A7%D9%84%D8%AF%D9%88%D9%84%D9%8A%D8%A9.jpg
1x4v5y5	1	2/23/Global_tropical_cyclone_tracks-edit2.jpg/960px-Global_tropical_cyclone_tracks-edit2.jpg
q1gvu0	1	c/c2/UNHCR-geneveNov2013.jpg/960px-UNHCR-geneveNov2013.jpg
1czyv0a	1	6/63/Basrah_faw_shat_alarab.jpg/960px-Basrah_faw_shat_alarab.jpg
1bj3urf	1	4/46/International_Telecommunication_Union_region.svg/960px-International_Telecommunication_Union_region.svg.png
9woyu2	3	c/c6/TE-Collage_Brussels.png
1h8zdea	1	4/45/Group_of_Seven_%28G7%29_Countries.svg/960px-Group_of_Seven_%28G7%29_Countries.svg.png
13h93ys	1	6/6a/2010.11.12_%EC%84%9C%EC%9A%B8_G20_%EC%A0%95%EC%83%81%ED%9A%8C%EC%9D%98_%287445572734%29.jpg/960px-2010.11.12_%EC%84%9C%EC%9A%B8_G20_%EC%A0%95%EC%83%81%ED%9A%8C%EC%9D%98_%287445572734%29.jpg
1enp9di	1	c/cf/Brix_acide_sudachi_23-08-2016.jpg/960px-Brix_acide_sudachi_23-08-2016.jpg
z3emfx	1	7/7a/IACA.jpg/960px-IACA.jpg
1t7efqv	1	4/42/Amnesty_International_Sections_2012.svg/960px-Amnesty_International_Sections_2012.svg.png
1ey8qsj	1	0/0d/Natalie_Carlson_2025_WIPO_Intellectual_Property_Judges_Forum_-_54852962352.jpg/960px-Natalie_Carlson_2025_WIPO_Intellectual_Property_Judges_Forum_-_54852962352.jpg
1whh1pg	1	4/4b/ParisAgreement.svg/960px-ParisAgreement.svg.png
d5w9zj	1	3/3a/HK_WanchaiPoliceStation.JPG/960px-HK_WanchaiPoliceStation.JPG
1ocmqbe	1	6/62/ASEAN_member_states.svg/960px-ASEAN_member_states.svg.png
1fnxkxj	1	a/a6/World_Bank_building_at_Washington.jpg/960px-World_Bank_building_at_Washington.jpg
p34o08	1	1/16/Geneva_Ministerial_Conference_18-20_May_1998_%289305956531%29.jpg/960px-Geneva_Ministerial_Conference_18-20_May_1998_%289305956531%29.jpg
1rj82mu	1	1/16/Trygve_S_Vedum_kandidater_Sp%2C_stortingsvalget_2013.jpg/960px-Trygve_S_Vedum_kandidater_Sp%2C_stortingsvalget_2013.jpg
1myacf4	3	7/7e/Boutros_Boutros_Ghali_%281993%29.jpg
1x8cwfi	1	d/dd/The_universal_declaration_of_human_rights_10_December_1948.jpg/960px-The_universal_declaration_of_human_rights_10_December_1948.jpg
1y55bhw	1	1/1c/Sustainable_Development_Goal_5.ar.png/960px-Sustainable_Development_Goal_5.ar.png
1mhgqi7	1	9/9b/CWC_Participation.svg/960px-CWC_Participation.svg.png
j1gm7c	1	8/81/Equality_flag.svg/960px-Equality_flag.svg.png
4p19t6	1	6/62/Visit_of_Philippe_Lazzarini%2C_Commissioner-General_of_the_United_Nations_Relief_and_Works_Agency_for_Palestine_Refugees_in_the_Near_East_%28UNRWA%29%2C_to_the_European_Commission_%28P-057774-00-02%29.jpg/960px-thumbnail.jpg
f0n8w4	1	1/16/Geneva_Ministerial_Conference_18-20_May_1998_%289305956531%29.jpg/960px-Geneva_Ministerial_Conference_18-20_May_1998_%289305956531%29.jpg
ythsj3	3	4/4e/Al-Mutanabbi_by_Kahlil_Gibran.png
gc1v4i	1	8/8b/Imru_al-Qays.png/960px-Imru_al-Qays.png
19530b0	3	1/1c/Ahmad_shawqy.jpg
j2b9cf	1	b/bd/First_Umayyad_gold_dinar%2C_Caliph_Abd_al-Malik%2C_695_CE.jpg/960px-First_Umayyad_gold_dinar%2C_Caliph_Abd_al-Malik%2C_695_CE.jpg
1b5vjr1	1	3/35/Albite2.jpg/960px-Albite2.jpg
errm0l	1	5/5d/Schiller_Musenalmanach_1800_254.jpg/960px-Schiller_Musenalmanach_1800_254.jpg
1g5vl7d	3	2/2a/MahmoudDarwish.jpg
m2sp13	3	d/d6/Nizar_qabbani_01.jpg
jhbooq	1	b/b5/%D8%A7%D9%84%D8%B3%D9%8A%D8%AF_%D9%85%D9%82%D8%AA%D8%AF%D9%89_%D8%A7%D9%84%D8%B5%D8%AF%D8%B1.png/960px-%D8%A7%D9%84%D8%B3%D9%8A%D8%AF_%D9%85%D9%82%D8%AA%D8%AF%D9%89_%D8%A7%D9%84%D8%B5%D8%AF%D8%B1.png
16wryr7	1	b/bf/Red-whiskered_bulbul_%28Pycnonotus_jocosus%29_Reunion.jpg/960px-Red-whiskered_bulbul_%28Pycnonotus_jocosus%29_Reunion.jpg
17dued9	1	f/f5/%D9%81%D8%B1%D8%A7%D9%87%D9%8A%D8%AF%D9%8A.jpg/960px-%D9%81%D8%B1%D8%A7%D9%87%D9%8A%D8%AF%D9%8A.jpg
1171h1d	1	1/1d/P_literature.svg/960px-P_literature.svg.png
c03pvg	3	8/85/Al-Ma%CA%BFarri_by_Khalil_Gibran_%28cropped%29.png
loz692	3	a/ad/Abu_Nuwas.jpg
1jpsd7q	3	4/4e/Al-Mutanabbi_by_Kahlil_Gibran.png
1vhyzav	1	8/8b/Imru_al-Qays.png/960px-Imru_al-Qays.png
1ba2z47	3	a/aa/Antarah_on_horse.jpg
1gturzl	3	4/49/Ab%C5%AB_al-%CA%BBAt%C4%81hiyya%2C_Sayr_mulhimah_min_al-Sharq_wa-al-Gharb.png
182j3x	3	2/29/Hafez_Ibrahim.JPG
sfs4tg	3	1/10/Aboul_Kacem_Chebbi.jpg
2haxrv	1	1/1d/%D8%A8%D8%AD%D8%B1_%D8%A7%D9%84%D8%B7%D9%88%D9%8A%D9%84.svg/960px-%D8%A8%D8%AD%D8%B1_%D8%A7%D9%84%D8%B7%D9%88%D9%8A%D9%84.svg.png
1wfqde6	1	6/62/%D9%88%D8%B2%D9%86_%D8%A7%D9%84%D8%B4%D8%B9%D8%B1_%D8%A7%D9%84%D8%AD%D8%B1.jpg/960px-%D9%88%D8%B2%D9%86_%D8%A7%D9%84%D8%B4%D8%B9%D8%B1_%D8%A7%D9%84%D8%AD%D8%B1.jpg
1n7pk47	3	3/34/%D8%AA%D9%85%D8%AB%D8%A7%D9%84_%D8%A7%D9%84%D8%B4%D8%A7%D8%B9%D8%B1%D8%A9_%D9%86%D8%A7%D8%B2%D9%83_%D8%A7%D9%84%D9%85%D9%84%D8%A7%D8%A6%D9%83%D8%A9_02.jpg
2tcqcu	3	b/b5/Sayab0.jpg
94w61t	1	7/72/Monumento_a_los_enamorados_01.JPG/960px-Monumento_a_los_enamorados_01.JPG
u8z182	1	e/ef/Valada_Cartaxo_04.jpg/960px-Valada_Cartaxo_04.jpg
fgic8v	3	a/a5/Had%C3%AEth_Bay%C3%A2d_wa_Riy%C3%A2d_-_BAV_Ar368_f10r_-_Garden_scene.jpg
17iuiva	1	5/54/%D8%AD%D8%B3%D8%A7%D9%86_%D8%A8%D9%86_%D8%AB%D8%A7%D8%A8%D8%AA.jpg/960px-%D8%AD%D8%B3%D8%A7%D9%86_%D8%A8%D9%86_%D8%AB%D8%A7%D8%A8%D8%AA.jpg
dr4v1e	1	2/28/Al-Khansa.jpg/960px-Al-Khansa.jpg
1tmnbjy	1	e/ee/%D8%AC%D8%A7%D9%85%D8%B9_%D8%A7%D9%84%D8%B4%D9%86%D9%81%D8%B1%D9%89_-_panoramio.jpg/960px-%D8%AC%D8%A7%D9%85%D8%B9_%D8%A7%D9%84%D8%B4%D9%86%D9%81%D8%B1%D9%89_-_panoramio.jpg
1po7v7n	3	2/23/AlGales_AlAnees_67.jpg
s7jedu	1	2/20/Al-Kawakib-al-durriyah-Page-0006.jpg/960px-Al-Kawakib-al-durriyah-Page-0006.jpg
791lhm	3	f/fa/Kitab_al-Aghani_01_%28cropped-01%29.jpg
106t2j3	3	4/4e/Al-Mutanabbi_by_Kahlil_Gibran.png
12rpskg	3	c/c5/Bashar_ibn_Burd%2C_sketch%2C_1967.jpg
ixia1e	3	f/f9/Abu_Tammam_portrait.jpg
hgepbp	3	3/36/Buhturi%2C_sketch%2C_1967.jpg
1k47oaf	3	3/3e/Ibn_al-Farid_by_Khalil_Gibran.png
onnqah	1	c/cd/Portada_de_la_segunda_edici%C3%B3n%2C_Editorial_Nacional%2C_Ministerio_Nacional_de_la_Rep%C3%BAblica_Dominicana_%282024%29.jpg/960px-Portada_de_la_segunda_edici%C3%B3n%2C_Editorial_Nacional%2C_Ministerio_Nacional_de_la_Rep%C3%BAblica_Dominicana_%282024%29.jpg
1n24n30	1	e/e7/Fracture_modes_v2.svg/960px-Fracture_modes_v2.svg.png
1g00oek	1	8/8b/%D9%83%D8%AA%D8%A7%D8%A8_%D8%A7%D9%84%D8%B4%D8%B9%D8%B1_%D9%88_%D8%A7%D9%84%D8%B4%D8%B9%D8%B1%D8%A7%D8%A1.jpg/960px-%D9%83%D8%AA%D8%A7%D8%A8_%D8%A7%D9%84%D8%B4%D8%B9%D8%B1_%D9%88_%D8%A7%D9%84%D8%B4%D8%B9%D8%B1%D8%A7%D8%A1.jpg
tjw5ip	3	8/85/Al-Ma%CA%BFarri_by_Khalil_Gibran_%28cropped%29.png
1o5sp6s	3	3/34/Kahlil_Gibran_1913.jpg
o8ysrh	3	f/fa/Algunos_miembros_de_Al-Rabita_al-Qalamiyya.jpg
1y330th	3	f/f2/%D8%A7%D9%84%D9%87%D9%84%D8%A7%D9%84%D9%8A_%D8%A7%D9%84%D8%B4%D8%B1%D8%A8%D9%8A%D9%86%D9%8A.jpg
mjb5m4	3	b/b5/Fahd_of_Saudi_Arabia_Portrait.jpg
hh7g2a	1	0/02/Sallie-mcfague-1975.jpg/960px-Sallie-mcfague-1975.jpg
1vsj7aq	1	7/7a/Albiano_Ivrea_Panorama.JPG/960px-Albiano_Ivrea_Panorama.JPG
gv9zc0	1	e/ea/Al_Oud_cemetery_Riyadh_2026.jpg/960px-Al_Oud_cemetery_Riyadh_2026.jpg
17z0dze	3	1/1b/Violin_VL100.png
1mvb1av	1	e/ef/Drum_for_cultural_dance.jpg/960px-Drum_for_cultural_dance.jpg
16a94hc	3	5/56/Albokariak_eta_pandero-jolea.JPG
1uvb58k	3	4/40/Hector_garcia_bw.png
1e3mc56	1	0/02/Listed_building._-_9_Batthy%C3%A1ny_Street%2C_Kecskem%C3%A9t_2016_Hungary.jpg/960px-Listed_building._-_9_Batthy%C3%A1ny_Street%2C_Kecskem%C3%A9t_2016_Hungary.jpg
so746s	3	6/63/Zauberfl%C3%B6te-Theaterzettel1791.jpg
en5khx	1	1/1f/Concert_of_the_Symphony_Orchestra_of_the_Mariinsky_Theatre_in_Syrian_Palmyra_04.jpg/960px-Concert_of_the_Symphony_Orchestra_of_the_Mariinsky_Theatre_in_Syrian_Palmyra_04.jpg
1bqd0hn	3	b/b9/Buck_Ryan.jpg
a0w3l3	1	7/70/Techelsberg_Tibitsch_W%C3%B6rthersee-Rast_an_der_A2-Autobahn_03042015_0659.jpg/960px-Techelsberg_Tibitsch_W%C3%B6rthersee-Rast_an_der_A2-Autobahn_03042015_0659.jpg
x6rv4p	1	7/70/Fermata_di_Pontelongo_Fermata%2C_pensilina.JPG/960px-Fermata_di_Pontelongo_Fermata%2C_pensilina.JPG
nch380	1	c/c2/SBB_Re_4-4_II_and_Re_6-6_above_Erstfeld.jpg/960px-SBB_Re_4-4_II_and_Re_6-6_above_Erstfeld.jpg
najtmx	3	9/96/Umm_Kulthum_as_Fatimah.jpg
1unscb3	3	4/4b/Abdel_wahab.jpg
16o7z90	3	1/14/Fairuz_1971.jpg
12pgee2	1	6/6e/Joseph_Karl_Stieler%27s_Beethoven_mit_dem_Manuskript_der_Missa_solemnis.jpg/960px-Joseph_Karl_Stieler%27s_Beethoven_mit_dem_Manuskript_der_Missa_solemnis.jpg
1kc82h	1	8/84/Piano_-_%C3%A0_-_4_Mains_-_Concerto_-_per_il_-_Violino_-_di_-_Wolfgango_Amadeo_-_Mozart._-_16_di_Giulio_1777_-_btv1b108425266_%28038_of_124%29.jpg/960px-Piano_-_%C3%A0_-_4_Mains_-_Concerto_-_per_il_-_Violino_-_di_-_Wolfgango_Amadeo_-_Mozart._-_16_di_Giulio_1777_-_btv1b108425266_%28038_of_124%29.jpg
82eumz	3	6/6c/Bass_drum.jpg
rctkpe	1	1/12/%D8%B1%D8%AC%D9%84_%D8%B3%D8%B9%D9%88%D8%AF%D9%8A_%D9%8A%D8%B9%D8%B2%D9%81_%D8%B9%D9%84%D9%89_%D8%A2%D9%84_%D8%A7%D9%84%D8%B1%D8%A8%D8%A7%D8%A8%D8%A9.jpg/960px-%D8%B1%D8%AC%D9%84_%D8%B3%D8%B9%D9%88%D8%AF%D9%8A_%D9%8A%D8%B9%D8%B2%D9%81_%D8%B9%D9%84%D9%89_%D8%A2%D9%84_%D8%A7%D9%84%D8%B1%D8%A8%D8%A7%D8%A8%D8%A9.jpg
y64ti0	1	1/15/Chellah_Jazz_052.JPG/960px-Chellah_Jazz_052.JPG
28sx92	1	f/f4/Twizm_Whyte_Piece_hip-hop_music_artist.jpg/960px-Twizm_Whyte_Piece_hip-hop_music_artist.jpg
bj0ryl	1	d/d7/Portr%C3%A4t_des_Komponisten_Pjotr_I._Tschaikowski_%281840-1893%29.jpg/960px-Portr%C3%A4t_des_Komponisten_Pjotr_I._Tschaikowski_%281840-1893%29.jpg
11r6a7w	1	b/bd/Vivaldi.jpg/960px-Vivaldi.jpg
1nawt4t	1	5/5f/Liverpool_Montage.jpg/960px-Liverpool_Montage.jpg
41cs4e	1	1/1b/Juglans_regia_2009_G2.jpg/960px-Juglans_regia_2009_G2.jpg
1s4fzdn	1	5/50/%D8%A7%D9%84%D8%B7%D8%A7%D8%B1.jpg/960px-%D8%A7%D9%84%D8%B7%D8%A7%D8%B1.jpg
19849cf	3	7/78/Octave2edit.JPG
hbj93s	1	3/37/%D8%A7%D9%84%D8%B4%D9%87%D9%8A%D8%AF_%D8%A7%D9%84%D8%B4%D9%8A%D8%AE_%D8%A7%D9%84%D8%B9%D9%88%D8%AC%D8%B1%D9%8A.jpg/960px-%D8%A7%D9%84%D8%B4%D9%87%D9%8A%D8%AF_%D8%A7%D9%84%D8%B4%D9%8A%D8%AE_%D8%A7%D9%84%D8%B9%D9%88%D8%AC%D8%B1%D9%8A.jpg
16kplb9	3	3/3d/Kapitolinischer_Pythagoras.jpg
1ito27f	3	5/5c/%D8%B5%D9%88%D8%B1%D8%A9_%D9%82%D8%AF%D9%8A%D9%85%D8%A9_%D9%84%D9%84%D9%81%D8%A7%D8%B1%D8%A7%D8%A8%D9%8A.jpg
dlzlx4	3	4/4b/Abdel_wahab.jpg
1iwh1yg	1	d/d1/Maler_der_Geschichte_von_Bay%C3%A2d_und_Riy%C3%A2d_002.jpg/960px-Maler_der_Geschichte_von_Bay%C3%A2d_und_Riy%C3%A2d_002.jpg
tle28	1	8/8c/David_-_The_Death_of_Socrates.jpg/960px-David_-_The_Death_of_Socrates.jpg
14fewhd	3	b/b9/Soberano_Jr_in_CMLL_Ring_February_2013.jpg
dn9zss	1	5/59/Amman_RBT.jpg/960px-Amman_RBT.jpg
1jn4mrk	1	f/ff/Duck_container_Louvre_AO14779.jpg/960px-Duck_container_Louvre_AO14779.jpg
1s6x3ks	3	2/2b/StRaphaelsDubOrganSmall.jpg
979ttf	1	c/c8/Etherwave_Theremin_Kit.jpg/960px-Etherwave_Theremin_Kit.jpg
1ghnx9j	3	3/31/Yehia_Elfakharany.png
13fz6y8	3	a/a9/Congreso_de_m%C3%BAsica_%C3%A1rabe_de_El_Cairo.jpg
1wn8pux	3	a/a5/Recording_artist_Zarah_at_2008_GRAMMY_Awards.JPG
1beh2lx	3	3/3f/TechCrunch_Disrupt_2019_%2848834434641%29_%28cropped%29.jpg
1u0pqur	1	5/50/Hollywood_Forever_Cemetery_Entrance_2026_02.jpg/960px-Hollywood_Forever_Cemetery_Entrance_2026_02.jpg
1cas1fl	1	f/fd/RMS_Titanic_3.jpg/960px-RMS_Titanic_3.jpg
1ypwgu6	1	3/32/Walt_Disney_Studios_Alameda_Entrance.jpg/960px-Walt_Disney_Studios_Alameda_Entrance.jpg
fcfqkc	3	b/b2/Indian_Cinema_Barnstar_Draft-3.png
qqbpn0	1	1/11/Amadeus_Director%27s_Cut_DVDs.JPG/960px-Amadeus_Director%27s_Cut_DVDs.JPG
155qrmj	1	e/ef/Jurassic_Park_T-Rex_Going_for_Jeep_%2828490392188%29.jpg/960px-Jurassic_Park_T-Rex_Going_for_Jeep_%2828490392188%29.jpg
1dx8nzh	1	d/d1/Madame_Tussauds_London_-_Spider-Man_statue.jpg/960px-Madame_Tussauds_London_-_Spider-Man_statue.jpg
1qznas7	3	4/4d/1545_gemma_frisius_-_camera-obscura-sonnenfinsternis_1545-650x337.jpg
1g7rp3m	1	d/d7/Devanagari_Varnamala.png/960px-Devanagari_Varnamala.png
rqqu4y	3	d/dc/Cannes.Redcarpet.jpg
eov62y	1	3/3e/Steven_Spielberg_2025.jpg/960px-Steven_Spielberg_2025.jpg
1gy91dz	1	f/fd/Palme_d%27Or_2023.svg/960px-Palme_d%27Or_2023.svg.png
vdk23i	3	0/02/Star_Wars_The_Clone_Wars.png
1rhtpk9	3	9/94/Hitchcock%2C_Alfred_02.jpg
1a7dqpx	3	f/f3/Fleming%27s_paperback_Bonds.jpg
1rkw4az	1	9/9d/27th_Tokyo_International_Film_Festival-_Sometani_Shota_from_Parasyte_%2815452428467%29.jpg/960px-27th_Tokyo_International_Film_Festival-_Sometani_Shota_from_Parasyte_%2815452428467%29.jpg
1j49ujy	1	5/52/Studio_Ghibli_studio_3.jpg/960px-Studio_Ghibli_studio_3.jpg
1xeyu0k	1	d/d6/SDCC_-_Avengers_%287561329924%29.jpg/960px-SDCC_-_Avengers_%287561329924%29.jpg
1kba8ak	1	5/5f/Werner_Herzog_Venice_Film_Festival_2025.jpg/960px-Werner_Herzog_Venice_Film_Festival_2025.jpg
24nxu9	1	0/00/Billie_Holiday_1947_%28cropped%29.jpg/960px-Billie_Holiday_1947_%28cropped%29.jpg
ofpb7g	1	8/82/Charlie_Chaplin_portrait_Getty_1739411952.jpg/960px-Charlie_Chaplin_portrait_Getty_1739411952.jpg
xq3re0	3	9/93/Fratelli_Lumiere.jpg
akks5t	1	9/99/%D8%A7%D9%84%D8%A7%D8%A8_%D8%A7%D9%84%D8%B1%D9%88%D8%AD%D9%8A_%D9%85%D8%AA%D8%AD%D9%81_%D9%85%D8%AD%D9%85%D9%88%D8%AF_%D8%AE%D9%84%D9%8A%D9%84.jpg/960px-%D8%A7%D9%84%D8%A7%D8%A8_%D8%A7%D9%84%D8%B1%D9%88%D8%AD%D9%8A_%D9%85%D8%AA%D8%AD%D9%81_%D9%85%D8%AD%D9%85%D9%88%D8%AF_%D8%AE%D9%84%D9%8A%D9%84.jpg
170kgmj	1	b/b2/ChristopherNolan-byPhilipRomano_%28cropped%29.jpg/960px-ChristopherNolan-byPhilipRomano_%28cropped%29.jpg
vlqvd3	1	2/2d/%C4%B0lker_%C3%87atak_at_the_2026_Berlin_International_Film_Festival-61847.jpg/960px-%C4%B0lker_%C3%87atak_at_the_2026_Berlin_International_Film_Festival-61847.jpg
582j51	1	7/7e/Nighttime_landscape_in_Pandora_%E2%80%93_The_World_of_Avatar.jpg/960px-Nighttime_landscape_in_Pandora_%E2%80%93_The_World_of_Avatar.jpg
16xq2hm	3	2/2a/Youssef_Chahine_in_Cairo_1986.jpg
1cr8e1g	3	d/d4/Adel_Imam_2009_cropped.jpg
1dxnk9h	3	9/97/Two_repetitions_of_a_walking_sequence_of_an_individual_recorded_using_a_motion-capture_system.gif
1b2v2hx	1	7/7c/Kinema-Junpo-1960-December-Special-1.jpg/960px-Kinema-Junpo-1960-December-Special-1.jpg
obvvug	1	9/97/Federico_Fellini_NYWTS_2.jpg/960px-Federico_Fellini_NYWTS_2.jpg
fqhqhu	1	d/d7/Vivien_Leigh_Gone_Wind_Restored.jpg/960px-Vivien_Leigh_Gone_Wind_Restored.jpg
1d6gsab	3	e/ee/Truffaut-BeauSerge.jpg
1q4nriz	3	0/05/Prateek_Mathur_at_the_75th_British_Academy_Film_Awards_2022.png
1wyr15v	1	0/0b/Quentin_Tarantino_by_Gage_Skidmore.jpg/960px-Quentin_Tarantino_by_Gage_Skidmore.jpg
14wyddh	3	f/f3/Fleming%27s_paperback_Bonds.jpg
1aitxsp	1	c/cb/82nd_Academy_Awards%2C_Kathryn_Bigelow_-_army_mil-66453-2010-03-09-180354.jpg/960px-82nd_Academy_Awards%2C_Kathryn_Bigelow_-_army_mil-66453-2010-03-09-180354.jpg
1svsksa	1	3/34/Citizen-Kane-Welles-Podium.jpg/960px-Citizen-Kane-Welles-Podium.jpg
pmymff	3	4/4b/Ingmar_Bergman_Smultronstallet.jpg
1jfoi4l	1	2/26/Sergei_Eisenstein_03.jpg/960px-Sergei_Eisenstein_03.jpg
b5qh67	3	a/a9/Potemkin-still6.jpg
67a3gi	1	2/21/Pixaranimationstudios.jpg/960px-Pixaranimationstudios.jpg
5sipij	3	f/f2/Asghar_Farhadi_in_Fajr_International_Film_Festival_02.jpg
1t3ssil	1	2/25/HaifaaAlMansour.JPG/960px-HaifaaAlMansour.JPG
m51hc2	1	3/3e/Adem_%28Adam%291.png/960px-Adem_%28Adam%291.png
efg51i	1	2/2d/ModernEgypt%2C_Muhammad_Ali_by_Auguste_Couder%2C_BAP_17996.jpg/960px-ModernEgypt%2C_Muhammad_Ali_by_Auguste_Couder%2C_BAP_17996.jpg
1ijt0x0	1	1/12/The_Prophet_Nuh_%28Noah_In_Islam%29.png/960px-The_Prophet_Nuh_%28Noah_In_Islam%29.png
1soti0l	1	d/d9/Moses-Saint_Vitale.jpg/960px-Moses-Saint_Vitale.jpg
1fzqwdj	3	e/e7/Patriarch_Abraham.jpg
13j07u3	1	6/65/The_Name_of_the_Prophet_Isa.png/960px-The_Name_of_the_Prophet_Isa.png
n7anxu	1	c/c8/Saul_and_David_by_Rembrandt_Mauritshuis_621.jpg/960px-Saul_and_David_by_Rembrandt_Mauritshuis_621.jpg
1iiahl9	1	c/ce/The_Prophet_Sulaiman_%28Solomon_In_Islam%29.png/960px-The_Prophet_Sulaiman_%28Solomon_In_Islam%29.png
qtm5bo	3	2/2f/M_Yacoub.JPG
1713e8e	1	a/af/The_Prophet_Hud_%28Houd_In_Islam%29.png/960px-The_Prophet_Hud_%28Houd_In_Islam%29.png
abr18d	1	8/89/The_Prophet_Salih_%28Saleh_In_Islam%29.png/960px-The_Prophet_Salih_%28Saleh_In_Islam%29.png
14vid8q	1	d/dd/The_Prophet_Idris_%28Enoch_In_Islam%29.png/960px-The_Prophet_Idris_%28Enoch_In_Islam%29.png
1jzgn6a	1	4/43/%D8%AE%D8%B1%D9%8A%D8%B7%D9%87_%D8%A7%D9%84%D9%82%D8%A8%D8%A7%D8%A6%D9%84_%D8%A7%D9%84%D8%B9%D8%B1%D8%A8%D9%8A%D9%87_%D8%A7%D9%88_%D8%A7%D9%84%D8%B3%D8%B9%D9%88%D8%AF%D9%8A%D9%87_%D9%84%D9%84%D9%85%D8%B3%D8%AA%D8%B1%D9%82_%D8%A7%D9%84%D8%A7%D9%86%D8%AC%D9%84%D9%8A%D8%B2%D9%8A.jpg/960px-%D8%AE%D8%B1%D9%8A%D8%B7%D9%87_%D8%A7%D9%84%D9%82%D8%A8%D8%A7%D8%A6%D9%84_%D8%A7%D9%84%D8%B9%D8%B1%D8%A8%D9%8A%D9%87_%D8%A7%D9%88_%D8%A7%D9%84%D8%B3%D8%B9%D9%88%D8%AF%D9%8A%D9%87_%D9%84%D9%84%D9%85%D8%B3%D8%AA%D8%B1%D9%82_%D8%A7%D9%84%D8%A7%D9%86%D8%AC%D9%84%D9%8A%D8%B2%D9%8A.jpg
pdfiid	3	e/e7/Patriarch_Abraham.jpg
1ls0wax	3	3/30/Aaron_%28Kirillo-Belozersk%29.jpg
11si98	1	b/b6/The_Prophet_Zakariya_%28Zechariah_In_Islam%29.png/960px-The_Prophet_Zakariya_%28Zechariah_In_Islam%29.png
e8199b	1	2/23/Gospel_from_Moscow.jpg/960px-Gospel_from_Moscow.jpg
r4o5jq	1	1/12/The_Prophet_Nuh_%28Noah_In_Islam%29.png/960px-The_Prophet_Nuh_%28Noah_In_Islam%29.png
y042l3	1	2/25/%D8%B1%D8%A7%D8%B9_%D9%8A%D9%82%D9%88%D8%AF_%D8%AC%D9%85%D9%84%D9%87.jpg/960px-%D8%B1%D8%A7%D8%B9_%D9%8A%D9%82%D9%88%D8%AF_%D8%AC%D9%85%D9%84%D9%87.jpg
i9pxnh	1	c/ce/The_Prophet_Sulaiman_%28Solomon_In_Islam%29.png/960px-The_Prophet_Sulaiman_%28Solomon_In_Islam%29.png
vo1k4f	3	4/4f/Joseph_Overseer_of_the_Pharaohs_Granaries_%28cropped%29.jpg
1penzym	1	1/12/The_Prophet_Nuh_%28Noah_In_Islam%29.png/960px-The_Prophet_Nuh_%28Noah_In_Islam%29.png
71q60t	3	e/e7/Patriarch_Abraham.jpg
bf6fum	1	d/d9/Moses-Saint_Vitale.jpg/960px-Moses-Saint_Vitale.jpg
ulinrf	3	4/46/Nineveh_mashki_gate_from_west.JPG
omcmkg	1	6/65/The_Name_of_the_Prophet_Isa.png/960px-The_Name_of_the_Prophet_Isa.png
1osh0su	1	6/65/The_Name_of_the_Prophet_Isa.png/960px-The_Name_of_the_Prophet_Isa.png
1mjzgc7	3	e/e7/Patriarch_Abraham.jpg
bi8db1	1	b/b6/The_Prophet_Zakariya_%28Zechariah_In_Islam%29.png/960px-The_Prophet_Zakariya_%28Zechariah_In_Islam%29.png
p10jny	1	8/8d/Nabi_Musa_-_panoramio.jpg/960px-Nabi_Musa_-_panoramio.jpg
btexvj	1	c/c8/Saul_and_David_by_Rembrandt_Mauritshuis_621.jpg/960px-Saul_and_David_by_Rembrandt_Mauritshuis_621.jpg
1hqp4o3	1	d/d9/Moses-Saint_Vitale.jpg/960px-Moses-Saint_Vitale.jpg
15q50d8	1	b/b6/The_Prophet_Zakariya_%28Zechariah_In_Islam%29.png/960px-The_Prophet_Zakariya_%28Zechariah_In_Islam%29.png
5n2gn3	1	d/dd/The_Prophet_Idris_%28Enoch_In_Islam%29.png/960px-The_Prophet_Idris_%28Enoch_In_Islam%29.png
1bdnwpq	3	9/9b/King_Ibrahim_of_Malaysia_August_2025.jpg
ngk9kd	1	6/65/The_Name_of_the_Prophet_Isa.png/960px-The_Name_of_the_Prophet_Isa.png
1vtm81u	1	8/89/The_Ka%27ba%2C_Great_Mosque_of_Mecca%2C_Saudi_Arabia_%284%29.jpg/960px-The_Ka%27ba%2C_Great_Mosque_of_Mecca%2C_Saudi_Arabia_%284%29.jpg
1f9fd7c	1	0/05/Makkah_Region_-_Saudi_Arabia.svg/960px-Makkah_Region_-_Saudi_Arabia.svg.png
1oo02yo	1	4/4f/Takbir_of_prayer.jpg/960px-Takbir_of_prayer.jpg
29gsj1	1	7/75/An_anonymous_author%27s_periplus_of_the_Erythraean_Sea.webp/960px-An_anonymous_author%27s_periplus_of_the_Erythraean_Sea.webp
1ageli	1	f/f6/Cheetah_chase.jpg/960px-Cheetah_chase.jpg
1elp46k	1	6/61/%D8%AC%D8%A8%D9%84_%D8%A7%D9%84%D9%86%D9%88%D8%B1_%D9%85%D9%83%D8%A9.jpg/960px-%D8%AC%D8%A8%D9%84_%D8%A7%D9%84%D9%86%D9%88%D8%B1_%D9%85%D9%83%D8%A9.jpg
bnvt94	1	d/d0/Zamzamwill.JPG/960px-Zamzamwill.JPG
rgy7s0	1	3/3f/A_packed_house_-_Flickr_-_Al_Jazeera_English.jpg/960px-A_packed_house_-_Flickr_-_Al_Jazeera_English.jpg
l09ps	5	ar/0/07/Allah-eser-green_New_version.png
1q4vmh0	3	3/3e/Mecca2.jpg
z8gx5g	3	f/f3/The_Blackstone.jpg
1frznt8	1	8/89/The_Ka%27ba%2C_Great_Mosque_of_Mecca%2C_Saudi_Arabia_%284%29.jpg/960px-The_Ka%27ba%2C_Great_Mosque_of_Mecca%2C_Saudi_Arabia_%284%29.jpg
emcrrh	1	0/05/%D8%A7%D9%84%D9%85%D8%B3%D8%B9%D9%89_02.jpg/960px-%D8%A7%D9%84%D9%85%D8%B3%D8%B9%D9%89_02.jpg
18aq8er	1	3/3d/Mina%2C_Saudi_Arabia.jpg/960px-Mina%2C_Saudi_Arabia.jpg
kt1vde	1	0/07/%D9%86%D8%B3%D8%AE%D8%A9_%D8%A3%D9%8A%D9%85%D9%86_%D8%AE%D8%B7%D8%A8%D8%A7%D8%A1_%D8%B9%D8%B1%D9%81%D8%A9.svg/960px-%D9%86%D8%B3%D8%AE%D8%A9_%D8%A3%D9%8A%D9%85%D9%86_%D8%AE%D8%B7%D8%A8%D8%A7%D8%A1_%D8%B9%D8%B1%D9%81%D8%A9.svg.png
xezp1	1	7/72/Muzdalifa.JPG/960px-Muzdalifa.JPG
ldw10b	5	ar/0/07/Allah-eser-green_New_version.png
z6zbm2	5	ar/0/07/Allah-eser-green_New_version.png
s5oc36	3	1/10/Kaaba_at_night.jpg
1wapz6y	1	f/f3/Tawaf_of_the_Kaaba.jpg/960px-Tawaf_of_the_Kaaba.jpg
zg45ry	1	9/94/Maqam_Ibrahim_2008.jpg/960px-Maqam_Ibrahim_2008.jpg
fxc781	1	f/f4/Manuscrit_Al-%E2%80%98Aq%C4%ABda_al-%E1%B9%A2ughr%C4%81.jpg/960px-Manuscrit_Al-%E2%80%98Aq%C4%ABda_al-%E1%B9%A2ughr%C4%81.jpg
1wrhrpr	1	3/38/Protein_F11_PDB_1xx9.png/960px-Protein_F11_PDB_1xx9.png
1c7ombt	1	2/24/Zu_%27l-Hulafa.jpg/960px-Zu_%27l-Hulafa.jpg
ygqhfj	1	9/9e/Mosque_at_Johfa.JPG/960px-Mosque_at_Johfa.JPG
y9zjdy	1	4/40/Yalamlam.jpg/960px-Yalamlam.jpg
zyoq8v	1	4/49/%D8%B0%D8%A7%D8%AA_%D8%B9%D8%B1%D9%82.jpg/960px-%D8%B0%D8%A7%D8%AA_%D8%B9%D8%B1%D9%82.jpg
1cwm25n	3	1/10/Kaaba_at_night.jpg
2zv0oa	1	0/07/%D9%86%D8%B3%D8%AE%D8%A9_%D8%A3%D9%8A%D9%85%D9%86_%D8%AE%D8%B7%D8%A8%D8%A7%D8%A1_%D8%B9%D8%B1%D9%81%D8%A9.svg/960px-%D9%86%D8%B3%D8%AE%D8%A9_%D8%A3%D9%8A%D9%85%D9%86_%D8%AE%D8%B7%D8%A8%D8%A7%D8%A1_%D8%B9%D8%B1%D9%81%D8%A9.svg.png
1y0y68i	1	4/4f/Farewell_sermon_from_Ps_Michael_Rafferty_River_of_Life_Church_240_Hamilton_Rd_Chermside_IMGP2428.jpg/960px-Farewell_sermon_from_Ps_Michael_Rafferty_River_of_Life_Church_240_Hamilton_Rd_Chermside_IMGP2428.jpg
cdfevs	1	a/a2/%D9%85%D8%AD%D9%85%D8%AF_%D8%A8%D9%86_%D8%A3%D8%A8%D9%8A_%D8%A8%D9%83%D8%B1.png/960px-%D9%85%D8%AD%D9%85%D8%AF_%D8%A8%D9%86_%D8%A3%D8%A8%D9%8A_%D8%A8%D9%83%D8%B1.png
e869f1	1	9/94/%D8%B9%D8%A8%D8%AF_%D8%A7%D9%84%D9%84%D9%87_%D8%A8%D9%86_%D8%B9%D8%A7%D9%85%D8%B1_%D8%A8%D9%86_%D9%83%D8%B1%D9%8A%D8%B2_%D8%A8%D9%86_%D8%B1%D8%A8%D9%8A%D8%B9%D8%A9_%D8%A8%D9%86_%D8%AD%D8%A8%D9%8A%D8%A8_%D8%A8%D9%86_%D8%B9%D8%A8%D8%AF_%D8%B4%D9%85%D8%B3.png/960px-%D8%B9%D8%A8%D8%AF_%D8%A7%D9%84%D9%84%D9%87_%D8%A8%D9%86_%D8%B9%D8%A7%D9%85%D8%B1_%D8%A8%D9%86_%D9%83%D8%B1%D9%8A%D8%B2_%D8%A8%D9%86_%D8%B1%D8%A8%D9%8A%D8%B9%D8%A9_%D8%A8%D9%86_%D8%AD%D8%A8%D9%8A%D8%A8_%D8%A8%D9%86_%D8%B9%D8%A8%D8%AF_%D8%B4%D9%85%D8%B3.png
ct16qg	1	b/b9/Hajr_Ismail%2C_Makkah.jpg/960px-Hajr_Ismail%2C_Makkah.jpg
6bb1c0	3	f/f3/The_Blackstone.jpg
fl5nx9	3	7/7a/Abbasid_Flag.png
1l5tkeu	3	a/a9/Onyx_River.png
nwsbxv	1	a/a2/Hajj1.ar.svg/960px-Hajj1.ar.svg.png
2vdkj1	1	3/31/Some_perspective_on_Mina_-_Flickr_-_Al_Jazeera_English.jpg/960px-Some_perspective_on_Mina_-_Flickr_-_Al_Jazeera_English.jpg
19u6u6s	3	a/a9/Arthur_Cayley.jpg
154t9la	1	c/c7/%D8%A7%D9%84%D8%AD%D8%B3%D9%86_%D8%A7%D9%84%D9%85%D8%AB%D9%84%D8%AB.png/960px-%D8%A7%D9%84%D8%AD%D8%B3%D9%86_%D8%A7%D9%84%D9%85%D8%AB%D9%84%D8%AB.png
dzwbft	3	5/52/Royal_palace_in_Riyadh%2C_1937.jpg
1n2enxt	1	1/1e/Roller_Chain_Render_%28with_numbers%29.png/960px-Roller_Chain_Render_%28with_numbers%29.png
xyre86	3	9/97/Rue_de_Menilmontant_in_Paris.jpg
12yfn9y	1	c/c7/%D8%A7%D9%84%D8%AD%D8%B3%D9%86_%D8%A7%D9%84%D9%85%D8%AB%D9%84%D8%AB.png/960px-%D8%A7%D9%84%D8%AD%D8%B3%D9%86_%D8%A7%D9%84%D9%85%D8%AB%D9%84%D8%AB.png
wfz530	1	b/b0/Ulam_Spiral_Divisors_100000.png/960px-Ulam_Spiral_Divisors_100000.png
oe3h4f	3	b/b9/Sieve_of_Eratosthenes_animation.gif
8dx5m4	3	d/de/Subduction_zone_-_2ategories.png
hgb05y	3	5/52/Royal_palace_in_Riyadh%2C_1937.jpg
la7we2	1	5/50/Mandalay_Bay_Hotel_Las_Vegas_%28July_15_2008%29.jpg/960px-Mandalay_Bay_Hotel_Las_Vegas_%28July_15_2008%29.jpg
fnrqtz	1	5/50/Mandalay_Bay_Hotel_Las_Vegas_%28July_15_2008%29.jpg/960px-Mandalay_Bay_Hotel_Las_Vegas_%28July_15_2008%29.jpg
qae1gk	1	d/d2/Pythagorean.svg/960px-Pythagorean.svg.png
zd4g13	3	6/6a/Vesica_piscis_square_roots.png
uep4ma	1	0/04/Mukaab_Illustration.png/960px-Mukaab_Illustration.png
7nwsic	1	b/b2/Czech-wage-mode-median-mean-quantiles-percentiles.png/960px-Czech-wage-mode-median-mean-quantiles-percentiles.png
nfjs7c	1	d/d1/Quadratic_equation_coefficients.png/960px-Quadratic_equation_coefficients.png
npiey2	1	6/6f/Rtriangle.svg/960px-Rtriangle.svg.png
wexznv	5	ar/0/0e/Percentages_agreement2.jpg
wbo8xb	1	9/95/FibonacciBlocks.svg/960px-FibonacciBlocks.svg.png
1axflgh	3	d/dd/Al-Khwarizmi_portrait.jpg
hml4mi	1	f/f8/Minard_Hall_-_panoramio.jpg/960px-Minard_Hall_-_panoramio.jpg
z38a6q	1	e/e3/Kheops-Pyramid.jpg/960px-Kheops-Pyramid.jpg
c7448e	1	b/b0/Ulam_Spiral_Divisors_100000.png/960px-Ulam_Spiral_Divisors_100000.png
1r3nhoe	1	f/f7/Golden_Horde_flag_1339.svg/960px-Golden_Horde_flag_1339.svg.png
jfkm65	1	b/bf/College_of_Engineering%2C_Civil_Engineering_Department-University_of_Mosul.jpg/960px-College_of_Engineering%2C_Civil_Engineering_Department-University_of_Mosul.jpg
eoaehy	1	b/be/PH_indicator_paper.jpg/960px-PH_indicator_paper.jpg
jhrf0f	1	a/a5/Medvedevs_on_2010_Census_03.jpg/960px-Medvedevs_on_2010_Census_03.jpg
yp9q6e	3	f/f2/Square_root_of_2_triangle.png
uoy5xe	1	0/0a/%D8%B9%D9%84%D9%85_%D8%A7%D9%84%D9%86%D8%AD%D9%88.png/960px-%D8%B9%D9%84%D9%85_%D8%A7%D9%84%D9%86%D8%AD%D9%88.png
xkpc1g	3	e/e3/Disqvisitiones-800.jpg
1w7sdws	3	2/2e/Ito_Integral_BdB.png
hvab7e	1	d/d9/M%C3%B6bius_strip.jpg/960px-M%C3%B6bius_strip.jpg
1atv16w	3	5/5d/Konigsberg_bridges.png
1tsxu52	1	7/7a/Cauchy_sequence_illustration2.svg/960px-Cauchy_sequence_illustration2.svg.png
1oilcqb	1	f/fa/BirdVisualPigmentAbsorbance.svg/960px-BirdVisualPigmentAbsorbance.svg.png
omcsig	1	0/0c/FieldsMedalFront.jpg/960px-FieldsMedalFront.jpg
1aov30v	3	e/e7/Georg_Cantor2.jpg
18varea	1	9/91/VignetteEulerIdentity.svg/960px-VignetteEulerIdentity.svg.png
10vnuex	1	a/a6/Bertrand_Russell_transparent_bg.png/960px-Bertrand_Russell_transparent_bg.png
ygod7c	1	d/db/Perfect_number_Cuisenaire_rods_6_exact.svg/960px-Perfect_number_Cuisenaire_rods_6_exact.svg.png
qdqmy1	1	f/fb/Goku_Cosplay_by._Angel.jpg/960px-Goku_Cosplay_by._Angel.jpg
40jykb	1	2/25/Mural_de_Dragon_Ball_Z_en_una_calle_de_Aguascalientes_02.jpg/960px-Mural_de_Dragon_Ball_Z_en_una_calle_de_Aguascalientes_02.jpg
jjk1pp	1	2/25/Mural_de_Dragon_Ball_Z_en_una_calle_de_Aguascalientes_02.jpg/960px-Mural_de_Dragon_Ball_Z_en_una_calle_de_Aguascalientes_02.jpg
8o6hpx	1	3/3b/2021_NYCC_pics_08.jpg/960px-2021_NYCC_pics_08.jpg
vp8iww	3	f/fc/Kuririn_Preocupado.PNG
125tuzr	1	e/e6/Chi-Chi%2C_Milk%2C_Dragon_Ball.jpg/960px-Chi-Chi%2C_Milk%2C_Dragon_Ball.jpg
1t8clw5	1	9/97/Tamagokake-gohan_001.jpg/960px-Tamagokake-gohan_001.jpg
ro72qd	1	f/fb/Lena_River_Delta_-_Landsat_2000.jpg/960px-Lena_River_Delta_-_Landsat_2000.jpg
ee0yok	1	3/35/Cosplayer_of_Goku%2C_Dragon_Ball_Z_at_CWT16_20070812.jpg/960px-Cosplayer_of_Goku%2C_Dragon_Ball_Z_at_CWT16_20070812.jpg
5h2eo3	1	3/3e/Mural_de_Dragon_Ball_en_La_Victoria%2C_Lima_%2813%29.jpg/960px-Mural_de_Dragon_Ball_en_La_Victoria%2C_Lima_%2813%29.jpg
pd7m0b	1	0/07/Viborg_Power_Plant_2014-11-17-1.jpg/960px-Viborg_Power_Plant_2014-11-17-1.jpg
h7rp0x	1	6/6c/Anime_Expo_2011_-_Vegeta_from_Dragonball_Z_%285893314804%29.jpg/960px-Anime_Expo_2011_-_Vegeta_from_Dragonball_Z_%285893314804%29.jpg
1utrkod	1	d/db/Mural_de_Dragon_Ball_Z_en_una_calle_de_Aguascalientes_22.jpg/960px-Mural_de_Dragon_Ball_Z_en_una_calle_de_Aguascalientes_22.jpg
uazbuq	1	e/e3/Anime_Boston_2024_-_Master_Roshi_cosplay_03-29-2024_436PM.jpg/960px-Anime_Boston_2024_-_Master_Roshi_cosplay_03-29-2024_436PM.jpg
yutw80	1	f/fb/Goku_Cosplay_by._Angel.jpg/960px-Goku_Cosplay_by._Angel.jpg
fnjwyj	1	4/47/Hsieh_Hsieh_Cuttlefish_Geng%2C_Son_Goten_and_Origin_Tofu_Pudding_20250215.jpg/960px-Hsieh_Hsieh_Cuttlefish_Geng%2C_Son_Goten_and_Origin_Tofu_Pudding_20250215.jpg
1xq1nhs	1	d/dc/Mural_de_Dragon_Ball_en_La_Victoria%2C_Lima_%288%29.jpg/960px-Mural_de_Dragon_Ball_en_La_Victoria%2C_Lima_%288%29.jpg
13irujc	1	1/19/008_Anime_and_manga_bookshop_in_Japan_-_bookstore_in_Kyoto%2C_Japan.jpg/960px-008_Anime_and_manga_bookshop_in_Japan_-_bookstore_in_Kyoto%2C_Japan.jpg
1mipov8	3	d/d4/Cosplayer_of_Piccolo_from_Dragon_Ball_20090816.jpg
yle24x	1	2/23/Bushwick_Brooklyn_Art_445.jpg/960px-Bushwick_Brooklyn_Art_445.jpg
18odbyu	1	5/52/Cosplay_of_Majin_Buu_at_GEMA_2022.jpg/960px-Cosplay_of_Majin_Buu_at_GEMA_2022.jpg
2bdxma	1	8/81/Anime_Expo_2010_-_LA_-_Dragonball_Z_%284837252742%29.jpg/960px-Anime_Expo_2010_-_LA_-_Dragonball_Z_%284837252742%29.jpg
zco5b1	1	4/45/NYCC_2016_-_Super_Saiyan_Blue_Goku_%2830227483945%29.jpg/960px-NYCC_2016_-_Super_Saiyan_Blue_Goku_%2830227483945%29.jpg
14hj6ao	3	0/00/Augsburg_Cod.I.6.4%C2%BA.2_%28Codex_Wallerstein%29_1r.jpg
wju2f0	1	d/d6/Energy_Arc_%28central_electrode_of_a_Plasma_Lamp%29.jpg/960px-Energy_Arc_%28central_electrode_of_a_Plasma_Lamp%29.jpg
uaghfn	1	4/45/NYCC_2016_-_Super_Saiyan_Blue_Goku_%2830227483945%29.jpg/960px-NYCC_2016_-_Super_Saiyan_Blue_Goku_%2830227483945%29.jpg
1up0yyw	1	f/fb/Goku_Cosplay_by._Angel.jpg/960px-Goku_Cosplay_by._Angel.jpg
gauee1	1	0/01/Animethon_20_%289496685762%29.jpg/960px-Animethon_20_%289496685762%29.jpg
60vipe	1	9/98/Hyperbolic_time_chamber_%284751372138%29.jpg/960px-Hyperbolic_time_chamber_%284751372138%29.jpg
b9wgd5	1	3/34/Dr_Gero_Karthaus.jpg/960px-Dr_Gero_Karthaus.jpg
16xqhyk	1	7/7a/C_18_dragon_ball_Z.jpg/960px-C_18_dragon_ball_Z.jpg
1ffl8if	1	4/45/NYCC_2016_-_Super_Saiyan_Blue_Goku_%2830227483945%29.jpg/960px-NYCC_2016_-_Super_Saiyan_Blue_Goku_%2830227483945%29.jpg
13rdfem	1	6/63/Sediment_plume_at_sea.jpg/960px-Sediment_plume_at_sea.jpg
1csi8xi	1	e/e3/Montreal_Comiccon_2016_-_Beerus_%2828155615712%29.jpg/960px-Montreal_Comiccon_2016_-_Beerus_%2828155615712%29.jpg
6xl8ha	1	2/2d/Dragon_Ball_Super_Cosplayers_at_the_2018_Comic-Con_International.jpg/960px-Dragon_Ball_Super_Cosplayers_at_the_2018_Comic-Con_International.jpg
1gajiyx	1	6/62/Tournament_of_power.jpg/960px-Tournament_of_power.jpg
1qmpovx	1	b/bd/2022-04-09_11-02-55_ILCE-7C_DSCAO6978_DxO_%2852107673126%29.jpg/960px-2022-04-09_11-02-55_ILCE-7C_DSCAO6978_DxO_%2852107673126%29.jpg
129oc7a	1	0/05/Champa_Dragon_Ball_super%2C_Gokuchita_Sama.jpg/960px-Champa_Dragon_Ball_super%2C_Gokuchita_Sama.jpg
14na5bn	1	a/a6/SZ_%E6%B7%B1%E5%9C%B3_Shenzhen_%E7%A6%8F%E7%94%B0_Futian_%E5%BD%A9%E7%94%B0%E8%B7%AF_Caitian_Road_%E6%B7%B1%E6%A5%AD%E4%B8%8A%E5%9F%8E_SHUM_YIP_UpperHills_LOFT_UN_%E8%81%AF%E5%90%88%E6%9B%B8%E5%BA%97_Bookstore_mall_November_2023_R12S_09.jpg/960px-SZ_%E6%B7%B1%E5%9C%B3_Shenzhen_%E7%A6%8F%E7%94%B0_Futian_%E5%BD%A9%E7%94%B0%E8%B7%AF_Caitian_Road_%E6%B7%B1%E6%A5%AD%E4%B8%8A%E5%9F%8E_SHUM_YIP_UpperHills_LOFT_UN_%E8%81%AF%E5%90%88%E6%9B%B8%E5%BA%97_Bookstore_mall_November_2023_R12S_09.jpg
1ljujxc	1	4/43/Broly_cosplayer_%2843554204532%29.jpg/960px-Broly_cosplayer_%2843554204532%29.jpg
l2t2mm	1	2/25/Mural_de_Dragon_Ball_Z_en_una_calle_de_Aguascalientes_02.jpg/960px-Mural_de_Dragon_Ball_Z_en_una_calle_de_Aguascalientes_02.jpg
vo73po	1	3/34/Cosplay_of_King_Vegeta_from_Dragon_Ball_at_Made_in_Asia_2023.jpg/960px-Cosplay_of_King_Vegeta_from_Dragon_Ball_at_Made_in_Asia_2023.jpg
1k380lc	1	a/a2/AX_2016_Day_1_5.jpg/960px-AX_2016_Day_1_5.jpg
1no1508	1	4/45/Yokohama_International_Film_Festival_2024_Edogawa_Conan_%2853869295015%29.jpg/960px-Yokohama_International_Film_Festival_2024_Edogawa_Conan_%2853869295015%29.jpg
yw8pww	1	0/05/Nont_Tanont_at_Detective_Conan_Movie_22_premiere.jpg/960px-Nont_Tanont_at_Detective_Conan_Movie_22_premiere.jpg
w081m1	1	e/e9/Cosplayer_of_Ran_Mouri_at_IDO32_%2820200118123152%29.jpg/960px-Cosplayer_of_Ran_Mouri_at_IDO32_%2820200118123152%29.jpg
1i7cxvi	1	2/23/Kogoro_Mouri_and_Juzo_Megure_cosplayers_sitting%2C_Kogoro_Mouri_sleeping_20230430.jpg/960px-Kogoro_Mouri_and_Juzo_Megure_cosplayers_sitting%2C_Kogoro_Mouri_sleeping_20230430.jpg
14uzu6g	1	d/d7/0831120008d12w.jpg/960px-0831120008d12w.jpg
17onlle	1	6/6f/Cosplayer_of_Conan_Edogawa_20120710.jpg/960px-Cosplayer_of_Conan_Edogawa_20120710.jpg
auxer2	1	d/d4/Abe_Hiroshi_from_%22Legend_of_the_Demon_Cat%22_at_Opening_Ceremony_of_the_Tokyo_International_Film_Festival_2017_%2840203798571%29.jpg/960px-Abe_Hiroshi_from_%22Legend_of_the_Demon_Cat%22_at_Opening_Ceremony_of_the_Tokyo_International_Film_Festival_2017_%2840203798571%29.jpg
1fnf136	1	0/05/Nont_Tanont_at_Detective_Conan_Movie_22_premiere.jpg/960px-Nont_Tanont_at_Detective_Conan_Movie_22_premiere.jpg
1xpg0co	1	c/cf/Football_pictogram.svg/960px-Football_pictogram.svg.png
br54a6	3	e/e2/Gosho_Aoyama.jpg
4kpuh1	1	1/16/Detective_Conan_shopping_bag%2C_Baifu_Station_stop_board_and_Hino_300_20260226.jpg/500px-Detective_Conan_shopping_bag%2C_Baifu_Station_stop_board_and_Hino_300_20260226.jpg
1e65s8z	1	a/a1/Cosplayer_of_Shiho_Miyano_at_ICOS04_%2820241019144826%29.jpg/960px-Cosplayer_of_Shiho_Miyano_at_ICOS04_%2820241019144826%29.jpg
1lvmilr	1	0/05/Nont_Tanont_at_Detective_Conan_Movie_22_premiere.jpg/960px-Nont_Tanont_at_Detective_Conan_Movie_22_premiere.jpg
1fe1f3s	1	1/15/Cosplay_of_Kaito_Kid_at_Cosplay_Battleground_and_Toys_2021.jpg/960px-Cosplay_of_Kaito_Kid_at_Cosplay_Battleground_and_Toys_2021.jpg
11zthui	1	f/fe/KandaMyojinZenigataHeiji8801.jpg/960px-KandaMyojinZenigataHeiji8801.jpg
6rcnsm	1	0/05/True_Detective_-_1930.10_-_62_-_Well_Boys%2C_The_Jig%27s_Up.png/960px-True_Detective_-_1930.10_-_62_-_Well_Boys%2C_The_Jig%27s_Up.png
32tt1r	1	9/92/Old_and_New_Supreme_Courts.jpg/960px-Old_and_New_Supreme_Courts.jpg
1jstqvn	5	en/8/81/The_Incredulity_of_Father_Brown.jpg
1qax7rs	1	0/01/Open_Make_Up_For_Ever_2013_-_Yukiko_Inui_-_16.jpg/960px-Open_Make_Up_For_Ever_2013_-_Yukiko_Inui_-_16.jpg
xwzhb5	1	d/d0/William_Hogarth_-_Gin_Lane.jpg/960px-William_Hogarth_-_Gin_Lane.jpg
6a2mf3	1	4/44/Vodka_in_Murmansk.jpg/960px-Vodka_in_Murmansk.jpg
4fy1i3	1	7/7a/Rotten_apple_under_the_tree.jpg/960px-Rotten_apple_under_the_tree.jpg
1fw3l5w	1	c/c9/Cosplayer_of_Shuichi_Akai_at_IJOY%C3%97CGF_%2820210501142238%29.jpg/960px-Cosplayer_of_Shuichi_Akai_at_IJOY%C3%97CGF_%2820210501142238%29.jpg
1lmnadw	1	9/98/Akemi_Takada_20090703_Japan_Expo_01.jpg/960px-Akemi_Takada_20090703_Japan_Expo_01.jpg
1cajx6g	3	b/bd/Arthur_Conan_Doyle_by_Walter_Benington%2C_1914.png
ykomya	1	8/8c/Kogoro_Mouri%2C_Juzo_Megure_and_Hanzawa-san_cosplayers_standing_20230430.jpg/960px-Kogoro_Mouri%2C_Juzo_Megure_and_Hanzawa-san_cosplayers_standing_20230430.jpg
11f1zb	1	c/c5/Mouri_Detective_Agency_scene_at_Westlink_Shanghai_%2820191019211607%29.jpg/960px-Mouri_Detective_Agency_scene_at_Westlink_Shanghai_%2820191019211607%29.jpg
1821fsk	3	3/33/Rampo_Edogawa_02.jpg
1wwf01t	1	f/fe/Shojiro_Jibiki_teaches_a_group_of_students.jpg/960px-Shojiro_Jibiki_teaches_a_group_of_students.jpg
160dbew	1	0/05/Nont_Tanont_at_Detective_Conan_Movie_22_premiere.jpg/960px-Nont_Tanont_at_Detective_Conan_Movie_22_premiere.jpg
1243h82	3	4/40/Thai_character_-_uu_%28with_space%29.png
ofeo53	3	5/54/Harry_Wild_Jones_%281859%E2%80%931935%29.png
7qvqqx	3	1/1e/Escudo_de_Espa%C3%B1a.png
zvi3p9	1	0/05/Nont_Tanont_at_Detective_Conan_Movie_22_premiere.jpg/960px-Nont_Tanont_at_Detective_Conan_Movie_22_premiere.jpg
1feeq78	1	1/15/Cosplay_of_Kaito_Kid_at_Cosplay_Battleground_and_Toys_2021.jpg/960px-Cosplay_of_Kaito_Kid_at_Cosplay_Battleground_and_Toys_2021.jpg
f8nbdz	1	3/37/Kid_The_Phantom_Thief.jpg/960px-Kid_The_Phantom_Thief.jpg
1y516d8	1	3/37/Kid_The_Phantom_Thief.jpg/960px-Kid_The_Phantom_Thief.jpg
1d4gilv	1	0/05/Nont_Tanont_at_Detective_Conan_Movie_22_premiere.jpg/960px-Nont_Tanont_at_Detective_Conan_Movie_22_premiere.jpg
1gl9ca7	1	a/a1/Cosplayer_of_Shiho_Miyano_at_ICOS04_%2820241019144826%29.jpg/960px-Cosplayer_of_Shiho_Miyano_at_ICOS04_%2820241019144826%29.jpg
vmt888	5	en/8/81/The_Incredulity_of_Father_Brown.jpg
hv0eax	1	1/14/Detective_Conan_Celluloid_Pictures.jpg/960px-Detective_Conan_Celluloid_Pictures.jpg
5kvni2	1	0/07/Hainerberg_Skate_Park_Now_Open_%286317086%29.jpg/960px-Hainerberg_Skate_Park_Now_Open_%286317086%29.jpg
rfd3y6	1	f/ff/Asahikage.svg/960px-Asahikage.svg.png
fug63m	1	4/42/Fourways_Mall_Stranger_Things_Experience_1.jpg/960px-Fourways_Mall_Stranger_Things_Experience_1.jpg
1gj60x0	1	c/c2/Gary%2C_Indiana_%282022%29.jpg/960px-Gary%2C_Indiana_%282022%29.jpg
19392so	1	4/4f/7-Eleven_Oita-Matsubaramachi-Store.jpg/960px-7-Eleven_Oita-Matsubaramachi-Store.jpg
1jtmds4	1	e/ed/Noah_Schnapp_-_NBFF_2025.jpg/960px-Noah_Schnapp_-_NBFF_2025.jpg
1yp3su2	1	1/19/The_Red_Arrows_roll_upside_down_in_tight_formation_during_display_training_MOD_45147906.jpg/960px-The_Red_Arrows_roll_upside_down_in_tight_formation_during_display_training_MOD_45147906.jpg
1i9rxfv	1	7/7b/David_Harbour_by_Gage_Skidmore_2.jpg/960px-David_Harbour_by_Gage_Skidmore_2.jpg
1j8tywd	1	e/ee/Winona_Ryder-63849.jpg/960px-Winona_Ryder-63849.jpg
1crypbv	3	f/fd/Jackee88.jpg
1yvj5p7	1	2/2e/101_Albright_Way.jpg/960px-101_Albright_Way.jpg
5p9vhu	3	8/8f/Matt_and_Ross_Duffer_%28crop%29.png
1j8ra2s	3	5/51/Charlie_Heaton_2025.png
mnhgdu	1	0/09/Natalia_Dyer_2025_%283%29.png/960px-Natalia_Dyer_2025_%283%29.png
i31j39	3	f/fd/Caleb_McLaughlin_2025_%281%29.png
17945c4	1	1/15/Stranger_Things_cast_by_Gage_Skidmore.jpg/960px-Stranger_Things_cast_by_Gage_Skidmore.jpg
ridcqn	1	0/0b/D%26D_Game_1.jpg/960px-D%26D_Game_1.jpg
1m679sd	1	c/c8/At_Manchester_2023_2023_006.jpg/960px-At_Manchester_2023_2023_006.jpg
1emmcse	3	9/94/Sadie_Sink_%2843914734441%29.jpg
yk9hai	3	f/f5/Kate_Bush_Hounds_of_Love_%281985_EMI_publicity_photo%29_02_%28cropped%29.jpg
dcqmuc	1	a/a9/Matthew_Modine_by_Gage_Skidmore.jpg/960px-Matthew_Modine_by_Gage_Skidmore.jpg
kx35r2	1	5/58/Strip_mall.jpg/960px-Strip_mall.jpg
6zb7nm	1	3/30/Maya_Hawke_%40_Sid_The_Cat_Auditorium.jpg/960px-Maya_Hawke_%40_Sid_The_Cat_Auditorium.jpg
t9q0r2	3	9/92/Joe_Keery_2025.png
1vqfwza	1	1/15/Stranger_Things_cast_by_Gage_Skidmore.jpg/960px-Stranger_Things_cast_by_Gage_Skidmore.jpg
q7298p	1	3/38/Dacre_Montgomery_by_Gage_Skidmore.jpg/960px-Dacre_Montgomery_by_Gage_Skidmore.jpg
1eok1j5	1	a/a9/Venice_-_Ice_cream_parlor_-_4017.jpg/960px-Venice_-_Ice_cream_parlor_-_4017.jpg
1cmuk5o	1	7/7b/David_Harbour_by_Gage_Skidmore_2.jpg/960px-David_Harbour_by_Gage_Skidmore_2.jpg
1trx9fk	1	e/ee/Winona_Ryder-63849.jpg/960px-Winona_Ryder-63849.jpg
2vqv39	1	4/42/Fourways_Mall_Stranger_Things_Experience_1.jpg/960px-Fourways_Mall_Stranger_Things_Experience_1.jpg
1hh5d7z	1	4/42/Fourways_Mall_Stranger_Things_Experience_1.jpg/960px-Fourways_Mall_Stranger_Things_Experience_1.jpg
en6ec6	1	1/15/Stranger_Things_cast_by_Gage_Skidmore.jpg/960px-Stranger_Things_cast_by_Gage_Skidmore.jpg
1hajq0l	1	2/2e/101_Albright_Way.jpg/960px-101_Albright_Way.jpg
f7efmn	3	4/44/T._K._Singh%2C_Indian_science_teacher.jpg
ynlfcc	1	4/42/Fourways_Mall_Stranger_Things_Experience_1.jpg/960px-Fourways_Mall_Stranger_Things_Experience_1.jpg
40v5g8	3	d/df/Location_Kamchatka_Peninsula.PNG
1uvcxon	1	4/42/Fourways_Mall_Stranger_Things_Experience_1.jpg/960px-Fourways_Mall_Stranger_Things_Experience_1.jpg
11z36r2	1	d/d2/Shannon_Purser_by_Gage_Skidmore.jpg/960px-Shannon_Purser_by_Gage_Skidmore.jpg
1fh9l2w	1	2/2e/101_Albright_Way.jpg/960px-101_Albright_Way.jpg
1o87dmo	1	2/24/Stephen_King_at_the_2024_Toronto_International_Film_Festival_2_%28cropped%29.jpg/960px-Stephen_King_at_the_2024_Toronto_International_Film_Festival_2_%28cropped%29.jpg
1eru348	1	4/42/Fourways_Mall_Stranger_Things_Experience_1.jpg/960px-Fourways_Mall_Stranger_Things_Experience_1.jpg
uorj5g	3	3/3e/Priah_Ferguson_in_2019.png
hyphw2	1	3/3e/R.A.Moog_minimoog_2.jpg/960px-R.A.Moog_minimoog_2.jpg
1dx7rb	1	9/95/Elijah_Wood_at_the_2025_Sundance_Film_Festival_%28cropped%292.jpg/960px-Elijah_Wood_at_the_2025_Sundance_Film_Festival_%28cropped%292.jpg
1jkxmtn	1	1/15/SDCC13_-_Ian_McKellen.jpg/960px-SDCC13_-_Ian_McKellen.jpg
14pp398	1	c/ca/Waterhouse_Lake_Front.jpg/960px-Waterhouse_Lake_Front.jpg
82rvo	1	5/58/Andy_Serkis_at_MEGACON_Orlando_2025.png/960px-Andy_Serkis_at_MEGACON_Orlando_2025.png
j6vt5w	1	4/48/Augustine_volcano_Jan_24_2006_-_Cyrus_Read.jpg/960px-Augustine_volcano_Jan_24_2006_-_Cyrus_Read.jpg
1wzhcst	1	c/cb/Sean_Astin_at_Rose_City_Comic_Con_02_%28cropped%29.jpg/960px-Sean_Astin_at_Rose_City_Comic_Con_02_%28cropped%29.jpg
1eomnmm	1	d/d4/ExpoSYFY_-_Lord_of_the_Rings_%2810794431516%29.jpg/960px-ExpoSYFY_-_Lord_of_the_Rings_%2810794431516%29.jpg
1t2ec83	1	b/b9/LonelyMountain.jpg/960px-LonelyMountain.jpg
1hud7wo	1	1/1c/John_Rhys-Davies_NASA_2025.jpg/960px-John_Rhys-Davies_NASA_2025.jpg
bbe9m5	1	e/e3/Orlando_Bloom-9047_%28cropped%29.jpg/960px-Orlando_Bloom-9047_%28cropped%29.jpg
so5657	3	9/9b/Christopher_Lee_2009.jpg
1cv3blg	3	9/93/Sauron_replica.jpg
1fdgwuf	1	6/62/Billy_Boyd_%2855222129722%29_%28cropped%29.jpg/960px-Billy_Boyd_%2855222129722%29_%28cropped%29.jpg
18goewd	1	1/1b/Sean_Bean_Anemone-25_%28cropped%29.jpg/960px-Sean_Bean_Anemone-25_%28cropped%29.jpg
1sl0v23	3	3/3f/Where_there%27s_a_whip_there%27s_a_will_-_Orcs_driving_a_Hobbit.jpg
7zypt8	1	c/c2/Ian_Holm.jpg/960px-Ian_Holm.jpg
7lsjc5	1	4/4e/Cheddar_Gorge_1890s.jpg/960px-Cheddar_Gorge_1890s.jpg
1uydu12	1	f/f8/Liv_Tyler_%282016%29.jpg/960px-Liv_Tyler_%282016%29.jpg
1mk5742	1	d/d1/Hugo_Weaving_2014.jpg/960px-Hugo_Weaving_2014.jpg
ic90z7	1	2/2a/Cate_Blanchett-63298_%28cropped_2%29.jpg/960px-Cate_Blanchett-63298_%28cropped_2%29.jpg
11p7oz3	1	f/fc/Uroplatus_fangorn_600523975.jpg/960px-Uroplatus_fangorn_600523975.jpg
1a4h8bd	1	3/30/Bilbo_%2823073122515%29.jpg/960px-Bilbo_%2823073122515%29.jpg
zzlsc0	1	5/59/Cotte_de_Maille%2C_El_Bayadh%2C_Alg%C3%A9rie%2C_17%C3%A8me_si%C3%A8cle.jpg/960px-Cotte_de_Maille%2C_El_Bayadh%2C_Alg%C3%A9rie%2C_17%C3%A8me_si%C3%A8cle.jpg
iq4pfj	3	0/0d/Gandalf_fighting_the_Balrog_on_the_bridge_of_Khazad-d%C3%BBm.jpg
1iiyg6d	1	0/0e/Gothmog%2C_Lord_of_Balrogs.jpg/960px-Gothmog%2C_Lord_of_Balrogs.jpg
1jfkkym	3	8/8f/Bernard_Hill2_%28cropped%29.jpg
1u4jd6m	1	0/04/Karl_Urban_GalaxyCon_Raleigh_July%2C_25%2C_2026_112.jpg/960px-Karl_Urban_GalaxyCon_Raleigh_July%2C_25%2C_2026_112.jpg
1mvawbo	1	7/75/John_Noble_by_Gage_Skidmore_2.jpg/960px-John_Noble_by_Gage_Skidmore_2.jpg
l234kt	1	d/db/David_Wenham_April_2016.jpg/960px-David_Wenham_April_2016.jpg
12iop4t	1	a/a2/Minas_tirith-2004_-_Flickr_-_Ragnhild_%26_Neil_Crawford.jpg/960px-Minas_tirith-2004_-_Flickr_-_Ragnhild_%26_Neil_Crawford.jpg
1cvhddd	1	1/18/W.E.F._Britten_-_The_Early_Poems_of_Alfred%2C_Lord_Tennyson_-_Sir_Galahad.jpg/960px-W.E.F._Britten_-_The_Early_Poems_of_Alfred%2C_Lord_Tennyson_-_Sir_Galahad.jpg
xe0tw3	1	5/5e/Tetramorium_nazgul_0028556_p_1_high.jpg/960px-Tetramorium_nazgul_0028556_p_1_high.jpg
1usmt6i	1	9/9e/Orthanc_studies_tab.jpg/960px-Orthanc_studies_tab.jpg
3v2by4	1	4/4a/Peter_Jackson_SDCC_2014.jpg/960px-Peter_Jackson_SDCC_2014.jpg
18y76eh	1	5/58/Andy_Serkis_at_MEGACON_Orlando_2025.png/960px-Andy_Serkis_at_MEGACON_Orlando_2025.png
j3xysx	3	e/e7/The_Hobbit_-_title_page_of_first_American_print.jpg
s8a8qr	1	1/18/W.E.F._Britten_-_The_Early_Poems_of_Alfred%2C_Lord_Tennyson_-_Sir_Galahad.jpg/960px-W.E.F._Britten_-_The_Early_Poems_of_Alfred%2C_Lord_Tennyson_-_Sir_Galahad.jpg
14lym6f	1	a/a0/Reading_Cinema_Fell_Beast%2C_%27Return_of_the_King%27_world_premiere%2C_Wellington.jpg/960px-Reading_Cinema_Fell_Beast%2C_%27Return_of_the_King%27_world_premiere%2C_Wellington.jpg
19svbp1	1	3/3b/Asinelli_e_Garisenda.jpg/960px-Asinelli_e_Garisenda.jpg
1hlqzr6	3	8/8a/Namarie_First_Stanza_Tengwar.jpg
1t5eqtd	1	4/4d/Paul_Thomas_Anderson_-_BFI_Southbank.jpg/960px-Paul_Thomas_Anderson_-_BFI_Southbank.jpg
g0olpt	1	d/da/Satellite_image_of_New_Zealand_in_December_2002.jpg/960px-Satellite_image_of_New_Zealand_in_December_2002.jpg
7f43g	1	b/b7/Ship_Harbour%2C_Nova_Scotia.png/960px-Ship_Harbour%2C_Nova_Scotia.png
147ieuc	3	3/35/Hausspinne_Tegenaria_atrica.jpg
o523py	1	1/1c/Masmak.JPG/960px-Masmak.JPG
m83izm	1	9/98/Saudi_Riyal_Symbol.svg/960px-Saudi_Riyal_Symbol.svg.png
10ez5ws	1	0/05/Makkah_Region_-_Saudi_Arabia.svg/960px-Makkah_Region_-_Saudi_Arabia.svg.png
fax9ky	1	1/13/HAC_2010_MEDINE_MESCIDI_NEBEVI_-_panoramio.jpg/960px-HAC_2010_MEDINE_MESCIDI_NEBEVI_-_panoramio.jpg
vpod0n	1	6/62/%D8%B9%D9%84%D9%85_%D8%A7%D9%84%D8%B3%D8%B9%D9%88%D8%AF%D9%8A%D8%A9_%D9%88_%D8%B9%D9%84%D9%85_%D8%A7%D9%84%D8%AC%D9%86%D9%88%D8%A8_%D8%A7%D9%84%D8%B9%D8%B1%D8%A8%D9%8A.jpg/960px-%D8%B9%D9%84%D9%85_%D8%A7%D9%84%D8%B3%D8%B9%D9%88%D8%AF%D9%8A%D8%A9_%D9%88_%D8%B9%D9%84%D9%85_%D8%A7%D9%84%D8%AC%D9%86%D9%88%D8%A8_%D8%A7%D9%84%D8%B9%D8%B1%D8%A8%D9%8A.jpg
1idpl5p	1	6/62/%D8%B9%D9%84%D9%85_%D8%A7%D9%84%D8%B3%D8%B9%D9%88%D8%AF%D9%8A%D8%A9_%D9%88_%D8%B9%D9%84%D9%85_%D8%A7%D9%84%D8%AC%D9%86%D9%88%D8%A8_%D8%A7%D9%84%D8%B9%D8%B1%D8%A8%D9%8A.jpg/960px-%D8%B9%D9%84%D9%85_%D8%A7%D9%84%D8%B3%D8%B9%D9%88%D8%AF%D9%8A%D8%A9_%D9%88_%D8%B9%D9%84%D9%85_%D8%A7%D9%84%D8%AC%D9%86%D9%88%D8%A8_%D8%A7%D9%84%D8%B9%D8%B1%D8%A8%D9%8A.jpg
kdkhpa	1	4/42/%D8%A7%D9%84%D9%88%D8%A7%D8%AC%D9%87%D8%A9_%D8%A7%D9%84%D8%A8%D8%AD%D8%B1%D9%8A%D8%A9_%D9%81%D9%8A_%D9%85%D8%AF%D9%8A%D9%86%D8%A9_%D8%AC%D8%AF%D8%A9_%D8%BA%D8%B1%D8%A8_%D8%A7%D9%84%D8%B3%D8%B9%D9%88%D8%AF%D9%8A%D8%A9_%282025%29_%28cropped%29.jpg/960px-%D8%A7%D9%84%D9%88%D8%A7%D8%AC%D9%87%D8%A9_%D8%A7%D9%84%D8%A8%D8%AD%D8%B1%D9%8A%D8%A9_%D9%81%D9%8A_%D9%85%D8%AF%D9%8A%D9%86%D8%A9_%D8%AC%D8%AF%D8%A9_%D8%BA%D8%B1%D8%A8_%D8%A7%D9%84%D8%B3%D8%B9%D9%88%D8%AF%D9%8A%D8%A9_%282025%29_%28cropped%29.jpg
vl7bsr	1	5/5d/Oil_wells_just_offshore_at_Summerland%2C_California%2C_c.1915.jpg/960px-Oil_wells_just_offshore_at_Summerland%2C_California%2C_c.1915.jpg
svq78a	3	a/ab/%D8%A7%D9%84%D9%8A%D9%88%D9%85_%D8%A7%D9%84%D9%88%D8%B7%D9%86%D9%8A_%D8%A7%D9%84%D8%B3%D8%B9%D9%88%D8%AF%D9%8A_%D9%84%D9%84%D9%85%D9%85%D9%84%D9%83%D9%87_%D8%A7%D9%84%D8%B9%D8%B1%D8%A8%D9%8A%D9%87_%D8%A7%D9%84%D8%B3%D8%B9%D9%88%D8%AF%D9%8A%D9%87_%D9%84%D8%B9%D8%A7%D9%85_2018.jpg
1s8eo7u	1	2/27/Red_Sea_37.95521E_21.41271N.jpg/960px-Red_Sea_37.95521E_21.41271N.jpg
1vsr5gy	1	a/a3/Ibn_Saud.png/960px-Ibn_Saud.png
lr4ywp	1	a/a7/%D8%A8%D9%8A%D8%AA_%D8%A7%D9%84%D8%B4%D9%8A%D8%AE_%D8%B9%D8%A8%D8%AF%D8%A7%D9%84%D9%84%D9%87_%D8%AF%D8%B9%D9%8A%D8%A8%D8%B3_%D8%A7%D9%84%D8%B4%D9%88%D8%A7%D8%A8%D9%83%D8%A9_%D8%B9%D8%A7%D9%85_1932.jpg/960px-%D8%A8%D9%8A%D8%AA_%D8%A7%D9%84%D8%B4%D9%8A%D8%AE_%D8%B9%D8%A8%D8%AF%D8%A7%D9%84%D9%84%D9%87_%D8%AF%D8%B9%D9%8A%D8%A8%D8%B3_%D8%A7%D9%84%D8%B4%D9%88%D8%A7%D8%A8%D9%83%D8%A9_%D8%B9%D8%A7%D9%85_1932.jpg
2kespv	3	7/7e/AramcoCoreArea.jpg
75rv5q	1	3/34/Rub_al_Khali_002.JPG/960px-Rub_al_Khali_002.JPG
2m170d	1	e/e8/Sharqiyya_arabic.jpg/960px-Sharqiyya_arabic.jpg
lof11m	1	2/2d/Oman.PNG/960px-Oman.PNG
1xiozun	1	1/1c/Masmak.JPG/960px-Masmak.JPG
1awgxer	3	7/7a/Alsooda0002.jpg
14ng1ji	1	c/cb/Abha_city.png/960px-Abha_city.png
1hrv9og	3	7/7e/AramcoCoreArea.jpg
j0mdnj	3	2/2d/Neom_location-ar.jpg
olawp0	1	7/75/Qasr_al_Farid.JPG/960px-Qasr_al_Farid.JPG
1wsfk1y	1	7/75/At-Turaif_District.jpg/960px-At-Turaif_District.jpg
1ceyxle	3	2/22/%D9%85%D9%83%D8%A9_%D8%A7%D9%84%D9%85%D9%83%D8%B1%D9%85%D8%A9_meca.jpg
1jxllq8	1	5/5b/Al_Hasa_Cave.jpg/960px-Al_Hasa_Cave.jpg
1avxkk5	1	1/17/Farasan_Island_3.jpg/960px-Farasan_Island_3.jpg
4y1x5v	1	c/cb/King_Fahd_Causeway_bridge_num4.jpg/960px-King_Fahd_Causeway_bridge_num4.jpg
ykewj3	1	6/61/Kingdom_Arena.jpg/960px-Kingdom_Arena.jpg
19xsgry	3	1/12/Cristiano_Ronaldo%2C_Al-Nassr_19_Sep_2023_%28cropped%29.jpg
mm45pb	1	5/5a/Jubail.JPG/960px-Jubail.JPG
1l56b7a	1	f/f8/Aseer_Region_-_Saudi_Arabia.svg/960px-Aseer_Region_-_Saudi_Arabia.svg.png
1017xny	1	f/fc/Fm_nasa_yanbu_saudi_arabia.jpg/960px-Fm_nasa_yanbu_saudi_arabia.jpg
5fx2po	1	d/d4/%D9%85%D8%AC%D8%B3%D9%85_%D8%AC%D8%B1%D9%8A%D9%86%D8%AF%D8%A7%D9%8A%D8%B2%D8%B1_%D9%81%D9%8A_%D8%A8%D9%88%D9%84%D9%8A%D9%81%D8%A7%D8%B1%D8%AF_%D9%88%D9%88%D8%B1%D9%84%D8%AF_%D8%A8%D9%85%D9%88%D8%B3%D9%85_%D8%A7%D9%84%D8%B1%D9%8A%D8%A7%D8%B6.jpg/960px-%D9%85%D8%AC%D8%B3%D9%85_%D8%AC%D8%B1%D9%8A%D9%86%D8%AF%D8%A7%D9%8A%D8%B2%D8%B1_%D9%81%D9%8A_%D8%A8%D9%88%D9%84%D9%8A%D9%81%D8%A7%D8%B1%D8%AF_%D9%88%D9%88%D8%B1%D9%84%D8%AF_%D8%A8%D9%85%D9%88%D8%B3%D9%85_%D8%A7%D9%84%D8%B1%D9%8A%D8%A7%D8%B6.jpg
1eivd4g	3	0/0b/King_saud_university_entrance.jpg
18etn9u	3	c/c7/Rayyanah_Barnawi_%28cropped%29.jpg
1niup85	1	b/be/Camel_%286408239431%29.jpg/960px-Camel_%286408239431%29.jpg
123fm39	3	6/6e/Red_Sea_island.jpg
8kzzeb	1	2/21/Qiddiya_Illustration.png/960px-Qiddiya_Illustration.png
n7nqcw	1	3/3a/King_Fahd_Airport_mosque_2.jpg/960px-King_Fahd_Airport_mosque_2.jpg
1t4db1b	1	5/58/%E3%82%A2%E3%83%AB%E3%83%A0%E3%83%88%E3%82%A5%E3%83%A9%E3%82%AF%E3%83%BB%E3%82%A2%E3%83%AB%E3%83%AF%E3%82%BF%E3%83%8B%E3%82%A6%E9%A7%85%EF%BC%88%E5%9B%BD%E7%AB%8B%E5%8D%9A%E7%89%A9%E9%A4%A8%E9%A7%85%EF%BC%89%E3%81%AE%E9%A7%85%E8%88%8E.jpg/960px-%E3%82%A2%E3%83%AB%E3%83%A0%E3%83%88%E3%82%A5%E3%83%A9%E3%82%AF%E3%83%BB%E3%82%A2%E3%83%AB%E3%83%AF%E3%82%BF%E3%83%8B%E3%82%A6%E9%A7%85%EF%BC%88%E5%9B%BD%E7%AB%8B%E5%8D%9A%E7%89%A9%E9%A4%A8%E9%A7%85%EF%BC%89%E3%81%AE%E9%A7%85%E8%88%8E.jpg
z9l9ve	1	e/e4/German_print_of_the_1727_Gibraltar_Siege.jpg/960px-German_print_of_the_1727_Gibraltar_Siege.jpg
w5sfwh	1	a/a3/Diriyahpic.jpg/960px-Diriyahpic.jpg
1557gna	3	d/d1/Rumah_Valley_13_November_2008.jpg
15tlsmz	1	9/92/Harrat_Rahat.jpg/960px-Harrat_Rahat.jpg
1wmefp9	3	f/fc/%D8%B4%D8%B9%D8%A7%D8%B1_%D9%86%D8%A7%D8%AF%D9%8A_%D8%A7%D9%84%D8%B5%D9%82%D8%B1.png
z42m45	1	9/91/King_Fahd%E2%80%99s_Fountain.jpg/960px-King_Fahd%E2%80%99s_Fountain.jpg
j0i82m	1	e/ea/%D8%AB%D9%84%D8%AC_%D8%B9%D9%84%D9%82%D8%A7%D9%86_%288384906260%29.jpg/960px-%D8%AB%D9%84%D8%AC_%D8%B9%D9%84%D9%82%D8%A7%D9%86_%288384906260%29.jpg
5e1fpr	1	1/13/Al_Ula_%286748577917%29.jpg/960px-Al_Ula_%286748577917%29.jpg
xf00rv	1	b/b6/%D8%B4%D8%A7%D8%B7%D8%A6_%D8%B1%D8%A7%D8%B3_%D8%AA%D9%86%D9%88%D8%B1%D8%A9.jpg/960px-%D8%B4%D8%A7%D8%B7%D8%A6_%D8%B1%D8%A7%D8%B3_%D8%AA%D9%86%D9%88%D8%B1%D8%A9.jpg
13dos01	1	2/2d/Manama%2C_Bahrain_Decembre_2014.jpg/960px-Manama%2C_Bahrain_Decembre_2014.jpg
1uabmvh	1	f/f2/Bahrain_World_trade_Center_.jpg/960px-Bahrain_World_trade_Center_.jpg
17ftkc5	1	b/be/PersianGulf_vue_satellite_du_golfe_persique.jpg/960px-PersianGulf_vue_satellite_du_golfe_persique.jpg
15kca2p	1	c/cb/King_Fahd_Causeway_bridge_num4.jpg/960px-King_Fahd_Causeway_bridge_num4.jpg
117oysp	3	6/6f/%D8%B9%D9%84%D9%85_%D8%A7%D9%84%D8%A8%D8%AD%D8%B1%D9%8A%D9%86_%D9%85%D9%86.gif
567n90	3	6/6f/%D8%B9%D9%84%D9%85_%D8%A7%D9%84%D8%A8%D8%AD%D8%B1%D9%8A%D9%86_%D9%85%D9%86.gif
edb2x7	1	1/1d/308_Cameron_aerial_of_Bahrain_Island_-_USACE-p15141coll5-15635.jpeg/960px-308_Cameron_aerial_of_Bahrain_Island_-_USACE-p15141coll5-15635.jpeg
in338a	1	a/a2/Opening_lap_of_the_2025_Canadian_Grand_Prix_%28cropped%29.jpg/960px-Opening_lap_of_the_2025_Canadian_Grand_Prix_%28cropped%29.jpg
7gzag2	1	2/29/Bahrain_International_Circuit--Grand_Prix_Layout.svg/960px-Bahrain_International_Circuit--Grand_Prix_Layout.svg.png
1cq2ld9	1	a/af/Arabic_speaking_world.svg/960px-Arabic_speaking_world.svg.png
w7bjny	1	d/d9/1971_Instrument_of_Surrender_WaPo.jpg/960px-1971_Instrument_of_Surrender_WaPo.jpg
12ccb5k	1	f/f9/Hamad_bin_Isa_Al_Khalifah_on_September_12%2C_2024_%28cropped%29.jpg/960px-Hamad_bin_Isa_Al_Khalifah_on_September_12%2C_2024_%28cropped%29.jpg
cn7cip	1	a/a3/TreeofLife.JPG/960px-TreeofLife.JPG
hdaw66	3	8/8f/Bahrain_Fort_overview.jpg
1psrfw1	1	8/83/Bahrain_Fort_March_2015.JPG/960px-Bahrain_Fort_March_2015.JPG
2zasou	1	1/1b/Muharraq_and_Manama.jpg/960px-Muharraq_and_Manama.jpg
1uwyp15	1	d/d6/Bahrain_Pearling_License_1942.jpg/960px-Bahrain_Pearling_License_1942.jpg
1i63jk3	1	9/91/Winkel_triple_projection_SW.jpg/960px-Winkel_triple_projection_SW.jpg
1j0qa1r	1	a/a7/Bahrain_International_Airport_%28New_Terminal%29.jpg/960px-Bahrain_International_Airport_%28New_Terminal%29.jpg
1490503	1	f/f5/The_Blue_Mosque.JPG/960px-The_Blue_Mosque.JPG
15obiz3	1	2/21/Muharraq_Bayt_Siyadi_1.jpg/960px-Muharraq_Bayt_Siyadi_1.jpg
1mqlgsy	1	8/8d/Durrat_Al_Bahrain_Model_Pict_2.jpg/960px-Durrat_Al_Bahrain_Model_Pict_2.jpg
damdbx	1	e/e3/Bab_Al_Bahrain%2C_Manama%2C_Bar%C3%A9in%2C_2024-08-18%2C_DD_72.jpg/960px-Bab_Al_Bahrain%2C_Manama%2C_Bar%C3%A9in%2C_2024-08-18%2C_DD_72.jpg
llmf2d	3	5/5d/Bahrain_National_Museum_Exterior.jpg
1t2v4jy	1	f/f2/Bahrain_World_trade_Center_.jpg/960px-Bahrain_World_trade_Center_.jpg
1joy2h0	3	1/14/RCSI_Bahrain_campus.jpg
15kw6gr	1	e/e3/Bab_Al_Bahrain%2C_Manama%2C_Bar%C3%A9in%2C_2024-08-18%2C_DD_72.jpg/960px-Bab_Al_Bahrain%2C_Manama%2C_Bar%C3%A9in%2C_2024-08-18%2C_DD_72.jpg
ep79ry	3	a/a2/Shaikh_Khalifa_bin_Salman_Al_Khalifa.jpg
1txmdmg	1	e/ef/Jabal_Ad_Dukhan.jpg/960px-Jabal_Ad_Dukhan.jpg
tn7q8d	1	4/40/Muharraq_Governorate_Flag.png/960px-Muharraq_Governorate_Flag.png
1v3qx6h	1	b/b0/Sea_water_Virgo.jpg/960px-Sea_water_Virgo.jpg
y5ya8x	1	f/f9/%D9%88%D8%A7%D8%AC%D9%87%D8%A9-%D9%82%D9%84%D8%B9%D8%A9-%D8%AA%D8%A7%D8%B1%D9%88%D8%AA.jpg/960px-%D9%88%D8%A7%D8%AC%D9%87%D8%A9-%D9%82%D9%84%D8%B9%D8%A9-%D8%AA%D8%A7%D8%B1%D9%88%D8%AA.jpg
117t47j	1	e/e7/Qatar_31_January_2003.jpg/960px-Qatar_31_January_2003.jpg
1cpqy66	1	a/a7/%D8%A8%D9%8A%D8%AA_%D8%A7%D9%84%D8%B4%D9%8A%D8%AE_%D8%B9%D8%A8%D8%AF%D8%A7%D9%84%D9%84%D9%87_%D8%AF%D8%B9%D9%8A%D8%A8%D8%B3_%D8%A7%D9%84%D8%B4%D9%88%D8%A7%D8%A8%D9%83%D8%A9_%D8%B9%D8%A7%D9%85_1932.jpg/960px-%D8%A8%D9%8A%D8%AA_%D8%A7%D9%84%D8%B4%D9%8A%D8%AE_%D8%B9%D8%A8%D8%AF%D8%A7%D9%84%D9%84%D9%87_%D8%AF%D8%B9%D9%8A%D8%A8%D8%B3_%D8%A7%D9%84%D8%B4%D9%88%D8%A7%D8%A8%D9%83%D8%A9_%D8%B9%D8%A7%D9%85_1932.jpg
1mkm7oo	3	a/af/%D0%98%D0%B2%D0%B0%D0%BD_%D0%91%D0%BE%D0%B1%D0%BA%D0%BE.jpg
12fsn6a	3	9/9a/Rashid_Ali_al-Gaylani.jpg
1yyuo7z	3	4/47/2004_Indonesia_Tsunami_Complete.gif
1mmotss	1	c/ce/%D9%85%D9%83%D8%A8%D9%88%D8%B3_%D9%84%D8%AD%D9%85.jpg/960px-%D9%85%D9%83%D8%A8%D9%88%D8%B3_%D9%84%D8%AD%D9%85.jpg
1kd924l	1	2/27/Red_Sea_37.95521E_21.41271N.jpg/960px-Red_Sea_37.95521E_21.41271N.jpg
1h6wgvf	1	a/ab/Juffair_starbucks.jpg/960px-Juffair_starbucks.jpg
hzgzdk	1	8/83/Bahrain_Fort_March_2015.JPG/960px-Bahrain_Fort_March_2015.JPG
1rmv1cx	3	4/47/Khamis_Mosque_Minaret.jpg
ud1535	1	d/d9/1971_Instrument_of_Surrender_WaPo.jpg/960px-1971_Instrument_of_Surrender_WaPo.jpg
5zbbcs	1	4/43/Cam%C3%A9ra_Office_national_du_film_du_Canada_%281993.0398.01-13.AP%29_4.jpg/960px-Cam%C3%A9ra_Office_national_du_film_du_Canada_%281993.0398.01-13.AP%29_4.jpg
1szk7y5	5	ar/4/45/Sbeitla_Festival.jpg
18ncyef	1	9/91/Winkel_triple_projection_SW.jpg/960px-Winkel_triple_projection_SW.jpg
yi7mj3	1	c/cb/OmanFutsalTeam2015.jpg/960px-OmanFutsalTeam2015.jpg
659n5k	1	6/69/Bahrain17.JPG/960px-Bahrain17.JPG
6kr6v	1	9/95/%D0%90%D0%B1%D1%83-%D0%94%D0%B0%D0%B1%D0%B8_%28Abu_Dhabi%29_-_panoramio_%281%29.jpg/960px-%D0%90%D0%B1%D1%83-%D0%94%D0%B0%D0%B1%D0%B8_%28Abu_Dhabi%29_-_panoramio_%281%29.jpg
jdo01s	1	e/ee/UAE_Dirham_Symbol.svg/960px-UAE_Dirham_Symbol.svg.png
bqe0bk	3	d/df/United_Arab_Emirates_University_%289717029334%29.jpg
1xzehre	1	9/95/%D0%90%D0%B1%D1%83-%D0%94%D0%B0%D0%B1%D0%B8_%28Abu_Dhabi%29_-_panoramio_%281%29.jpg/960px-%D0%90%D0%B1%D1%83-%D0%94%D0%B0%D0%B1%D0%B8_%28Abu_Dhabi%29_-_panoramio_%281%29.jpg
1y6i7v4	1	3/30/Artificial_Archipelagos%2C_Dubai%2C_United_Arab_Emirates_ISS022-E-024940_lrg_%28cropped%29.jpg/960px-Artificial_Archipelagos%2C_Dubai%2C_United_Arab_Emirates_ISS022-E-024940_lrg_%28cropped%29.jpg
3xrh0x	1	2/20/Borg_El_Arab_city_2.jpg/960px-Borg_El_Arab_city_2.jpg
181nsta	1	9/9b/Flag-hoisting_at_the_Union_Declaration.jpg/960px-Flag-hoisting_at_the_Union_Declaration.jpg
1g5nao6	1	9/9b/Flag-hoisting_at_the_Union_Declaration.jpg/960px-Flag-hoisting_at_the_Union_Declaration.jpg
13z8vw5	1	4/43/Dubai_skyline_2015_%28crop%29.jpg/960px-Dubai_skyline_2015_%28crop%29.jpg
1wx2fu7	1	c/c2/Zayed_bin_Sultan_Al_Nahyan.jpg/960px-Zayed_bin_Sultan_Al_Nahyan.jpg
1xgumq	1	d/d9/1971_Instrument_of_Surrender_WaPo.jpg/960px-1971_Instrument_of_Surrender_WaPo.jpg
1ckpf1z	4	ar/thumb/2/25/%D9%85%D8%B3%D8%AC%D8%AF-%D8%A7%D9%84%D8%B4%D9%8A%D8%AE-%D8%B2%D8%A7%D9%8A%D8%AF-%D8%A3%D8%A8%D9%88%D8%B8%D8%A8%D9%8A1.jpg/960px-%D9%85%D8%B3%D8%AC%D8%AF-%D8%A7%D9%84%D8%B4%D9%8A%D8%AE-%D8%B2%D8%A7%D9%8A%D8%AF-%D8%A3%D8%A8%D9%88%D8%B8%D8%A8%D9%8A1.jpg
3uv855	1	a/aa/LouvreAD_tree.jpg/960px-LouvreAD_tree.jpg
ovi6uc	1	8/83/DXB_on_23_September_2007_Pict_5.jpg/960px-DXB_on_23_September_2007_Pict_5.jpg
aq3pwv	1	e/ec/A6-BLL_-_Boeing_787-9_Dreamliner_-_Etihad_Airways_-_MSN_39656_-_VGHS.jpg/960px-A6-BLL_-_Boeing_787-9_Dreamliner_-_Etihad_Airways_-_MSN_39656_-_VGHS.jpg
6xk0zu	1	a/a5/Port_Jebel_Ali_on_1_May_2007_Pict_1.jpg/960px-Port_Jebel_Ali_on_1_May_2007_Pict_1.jpg
1u9abl2	1	2/24/Equestrian_pictogram.svg/960px-Equestrian_pictogram.svg.png
1sx0tqi	1	7/79/EXPO-01-concourse-rendering-%28c%29-querkraft-patricia-bagienski.jpg/960px-EXPO-01-concourse-rendering-%28c%29-querkraft-patricia-bagienski.jpg
1q57gus	1	1/1c/Parker_Solar_Probe.jpg/960px-Parker_Solar_Probe.jpg
1o2gh9z	1	4/42/Hazzaa_AlMansoori.jpg/960px-Hazzaa_AlMansoori.jpg
10nfse5	1	1/19/Fujairah_in_United_Arab_Emirates.svg/960px-Fujairah_in_United_Arab_Emirates.svg.png
hcrlw4	1	1/17/Haraz_200612_Yemen-117_%28353667919%29.jpg/960px-Haraz_200612_Yemen-117_%28353667919%29.jpg
19b2lnq	1	f/f7/Qasr_al_Hosn_in_2019.jpg/960px-Qasr_al_Hosn_in_2019.jpg
1r84hkm	1	a/a5/Port_Jebel_Ali_on_1_May_2007_Pict_1.jpg/960px-Port_Jebel_Ali_on_1_May_2007_Pict_1.jpg
qqrap1	1	6/6b/Al_Bastakiya_Dubai.jpg/960px-Al_Bastakiya_Dubai.jpg
1hw8kzq	1	9/98/Dubai_Creek_from_Bur_Dubai_%285374118618%29.jpg/960px-Dubai_Creek_from_Bur_Dubai_%285374118618%29.jpg
1wahtwi	1	d/df/Sharjah_city_skyline_in_2015.jpg/960px-Sharjah_city_skyline_in_2015.jpg
i5g1zi	1	b/b7/Ripe_Dates_in_the_Al_Ain_Oasis.jpg/960px-Ripe_Dates_in_the_Al_Ain_Oasis.jpg
1s46uyr	1	2/21/Ain_sokhna_porto.jpg/960px-Ain_sokhna_porto.jpg
1nv0o19	3	d/df/United_Arab_Emirates_University_%289717029334%29.jpg
zkt5bi	1	e/e7/Ferris_Wheel_Ain_Dubai_in_Dubai_02.jpg/960px-Ferris_Wheel_Ain_Dubai_in_Dubai_02.jpg
rih2y9	1	2/20/190410_Dubai_Frame.jpg/960px-190410_Dubai_Frame.jpg
13ja4io	3	0/0e/%D8%AC%D8%B2%D9%8A%D8%B1%D8%A9_%D8%B5%D9%8A%D8%B1_%D8%A8%D9%86%D9%8A_%D9%8A%D8%A7%D8%B3_-_%D8%A3%D8%A8%D9%88%D8%B8%D8%A8%D9%8A.jpg
1ry0tuk	1	9/94/Miracle_Garden_1.jpg/960px-Miracle_Garden_1.jpg
1rf4ax4	1	4/4d/Dubai_World_Trade_Centre_and_skyline.jpg/960px-Dubai_World_Trade_Centre_and_skyline.jpg
1r4vklo	1	a/a2/Metro_Dubai_001.jpg/960px-Metro_Dubai_001.jpg
1liz486	3	a/af/%D9%88%D9%81%D9%88%D8%AF_%D8%A7%D8%AC%D8%AA%D9%85%D8%A7%D8%B9_%D9%85%D9%86%D8%B8%D9%85%D8%A9_%D8%A7%D9%84%D8%B5%D9%82%D8%A7%D8%B1%D8%A9_%D8%A7%D9%84%D8%B9%D8%A7%D9%84%D9%85%D9%8A%D8%A9_%D9%81%D9%8A_%D9%85%D8%B1%D8%AF%D8%AC_%D9%83%D8%AA%D8%A7%D8%B1%D8%A7.jpeg
1rxcty6	1	9/95/Saadiyat_Island_Model_Pict_1.jpg/960px-Saadiyat_Island_Model_Pict_1.jpg
peo3ra	3	5/52/QSL_MP4TAF_%281969%29.jpg
1s6mtyn	3	4/49/FV7A2395.jpg
qn8kc2	1	b/b5/United_Arab_Airlines_de_Havilland_DH-106_Comet_4_Groves.jpg/960px-United_Arab_Airlines_de_Havilland_DH-106_Comet_4_Groves.jpg
1ncw746	1	4/4e/Barakah_nuclear_power_plant.jpg/960px-Barakah_nuclear_power_plant.jpg
1qteucp	3	d/d6/Mohammed_bin_Rashid_Al_Maktoum_%2815-02-2021%29.jpg
zy8exp	1	6/6e/KhalifaSat_UAE_Satellite.jpg/960px-KhalifaSat_UAE_Satellite.jpg
xdimd	1	5/52/Woman_in_Souk.jpg/960px-Woman_in_Souk.jpg
1dgztug	3	d/df/United_Arab_Emirates_University_%289717029334%29.jpg
eah1bd	1	c/cf/Museum_of_the_Future.jpg/960px-Museum_of_the_Future.jpg
1cpbii7	1	9/95/Saadiyat_Island_Model_Pict_1.jpg/960px-Saadiyat_Island_Model_Pict_1.jpg
dw0x07	3	a/a9/MuscatRoadGate.jpg
7vwcn4	1	a/ac/Omr_symbol.svg/960px-Omr_symbol.svg.png
26xfus	1	f/fe/The_Blue_Mosque_at_sunset.jpg/960px-The_Blue_Mosque_at_sunset.jpg
o2q3uv	1	4/40/CGI_Oman_Flag.png/960px-CGI_Oman_Flag.png
jvetz2	1	4/40/CGI_Oman_Flag.png/960px-CGI_Oman_Flag.png
1gjshhj	3	4/4b/Gulf_of_Oman_%28SeaWiFS%29.jpg
ldfbp0	3	6/68/Sudan-karte-politisch-gharb-bahr-al-ghazal.png
z47o05	1	3/3c/%D8%A7%D9%84%D8%AE%D9%86%D8%AC%D8%B1_%D8%A7%D9%84%D8%B9%D9%85%D8%A7%D9%86%D9%8A.jpg/960px-%D8%A7%D9%84%D8%AE%D9%86%D8%AC%D8%B1_%D8%A7%D9%84%D8%B9%D9%85%D8%A7%D9%86%D9%8A.jpg
1uqah6u	1	9/9a/Lef%C3%A8vre_-_Louis_XVIII_of_France_in_Coronation_Robes.jpg/960px-Lef%C3%A8vre_-_Louis_XVIII_of_France_in_Coronation_Robes.jpg
ufos8s	3	8/82/Ruins6.JPG
1nycmvm	1	1/1e/Official_portrait_of_Sultan_Haitham_bin_Tariq_%282021%29.jpg/960px-Official_portrait_of_Sultan_Haitham_bin_Tariq_%282021%29.jpg
8t1w4v	1	f/fb/QaboosBinSaidAlSaid.jpg/960px-QaboosBinSaidAlSaid.jpg
75h4ts	1	d/d7/Sultan_Qaboos_Grand_Mosque_%281%29.jpg/960px-Sultan_Qaboos_Grand_Mosque_%281%29.jpg
1h3jqdg	1	6/6f/Dhofar_Revolution_in_1971.svg/960px-Dhofar_Revolution_in_1971.svg.png
c44x2v	1	4/4a/Downtown_Salalah_Oman.jpg/960px-Downtown_Salalah_Oman.jpg
nf0wmp	3	7/7f/Salalah_Oman.jpg
7eq9w1	1	b/b4/Misfah_%286%29.jpg/960px-Misfah_%286%29.jpg
1hbc2dw	1	f/f0/Bahla_Fort.jpg/960px-Bahla_Fort.jpg
yx0unw	1	b/b3/Opera_house_Muscat.jpg/960px-Opera_house_Muscat.jpg
1a7gt8x	1	a/aa/%D8%B2%D8%A7%D9%88%D9%8A%D8%A9_%D9%85%D9%86_%D8%B2%D9%88%D8%A7%D9%8A%D8%A7_%D9%85%D8%AA%D8%AD%D9%81_%D8%B9%D9%85%D8%A7%D9%86_%D8%B9%D8%A8%D8%B1_%D8%A7%D9%84%D8%B2%D9%85%D8%A7%D9%86.png/960px-%D8%B2%D8%A7%D9%88%D9%8A%D8%A9_%D9%85%D9%86_%D8%B2%D9%88%D8%A7%D9%8A%D8%A7_%D9%85%D8%AA%D8%AD%D9%81_%D8%B9%D9%85%D8%A7%D9%86_%D8%B9%D8%A8%D8%B1_%D8%A7%D9%84%D8%B2%D9%85%D8%A7%D9%86.png
1iwjvgz	1	1/1c/Jebel_Shams.jpg/960px-Jebel_Shams.jpg
z971cj	1	5/58/%D8%AA%D8%A7%D8%A8%D8%B4_%D8%A2%D9%81%D8%AA%D8%A7%D8%A8_%D8%A7%D8%B2_%D8%A8%DB%8C%D9%86_%D8%A7%D8%A8%D8%B1%D9%87%D8%A7_-_panoramio.jpg/960px-%D8%AA%D8%A7%D8%A8%D8%B4_%D8%A2%D9%81%D8%AA%D8%A7%D8%A8_%D8%A7%D8%B2_%D8%A8%DB%8C%D9%86_%D8%A7%D8%A8%D8%B1%D9%87%D8%A7_-_panoramio.jpg
6grz0h	1	4/41/Musandam_fjord.jpg/960px-Musandam_fjord.jpg
826n31	1	d/d6/OM-salalah-hafen.jpg/960px-OM-salalah-hafen.jpg
1yl24qt	1	9/96/Wahiba_Sands_%2812%29.jpg/960px-Wahiba_Sands_%2812%29.jpg
1lcsb12	1	c/c9/Tiwi%2C_wadi_shabt%2C_06.jpg/960px-Tiwi%2C_wadi_shabt%2C_06.jpg
1n3nb63	1	e/e7/Omani_Studies_Center_%D9%85%D8%B1%D9%83%D8%B2_%D8%A7%D9%84%D8%AF%D8%B1%D8%A7%D8%B3%D8%A7%D8%AA_%D8%A7%D9%84%D8%B9%D9%85%D8%A7%D9%86%D9%8A%D8%A9.JPG/960px-Omani_Studies_Center_%D9%85%D8%B1%D9%83%D8%B2_%D8%A7%D9%84%D8%AF%D8%B1%D8%A7%D8%B3%D8%A7%D8%AA_%D8%A7%D9%84%D8%B9%D9%85%D8%A7%D9%86%D9%8A%D8%A9.JPG
1d1rjfg	1	a/a1/Oman_Air_B737-800_%28A4O-BM%29_%40_DXB%2C_Nov_2009.jpg/960px-Oman_Air_B737-800_%28A4O-BM%29_%40_DXB%2C_Nov_2009.jpg
u4fya9	1	2/2c/Nizwa_%287%29.jpg/960px-Nizwa_%287%29.jpg
14rymd	1	2/2b/%D9%88%D8%A7%D8%AC%D9%87%D8%A9_%D8%B3%D9%88%D9%82_%D9%85%D8%B7%D8%B1%D8%AD.jpg/960px-%D9%88%D8%A7%D8%AC%D9%87%D8%A9_%D8%B3%D9%88%D9%82_%D9%85%D8%B7%D8%B1%D8%AD.jpg
7ehdgo	1	4/49/Arabian_Oryx_Sanctuary.jpg/960px-Arabian_Oryx_Sanctuary.jpg
19drh63	1	5/5c/Total_internal_reflection_of_Chelonia_mydas.jpg/960px-Total_internal_reflection_of_Chelonia_mydas.jpg
455i91	1	f/f9/Old_Muscat_%282%29.jpg/960px-Old_Muscat_%282%29.jpg
1lb696	1	c/cb/%D9%85%D8%AA%D8%AD%D9%81_%D8%A3%D8%B1%D8%B6_%D8%A7%D9%84%D9%84%D8%A8%D8%A7%D9%86.png/960px-%D9%85%D8%AA%D8%AD%D9%81_%D8%A3%D8%B1%D8%B6_%D8%A7%D9%84%D9%84%D8%A8%D8%A7%D9%86.png
1es2k2v	1	2/20/Masirah.jpg/960px-Masirah.jpg
1cw3g6o	1	d/d9/Special_Economic_Zone_at_Duqm_SEZAD.jpg/960px-Special_Economic_Zone_at_Duqm_SEZAD.jpg
mgs7lt	1	2/24/AlHootahCave.jpg/960px-AlHootahCave.jpg
4gfbkr	3	0/00/Majlis_al_Jinn_-_Descending_into_cave.jpg
gajav7	1	a/a9/Al_Ayn%2C_tombs_%286871088461%29.jpg/960px-Al_Ayn%2C_tombs_%286871088461%29.jpg
1d6057d	1	7/7a/Jebel_Akhdar_view.jpg/960px-Jebel_Akhdar_view.jpg
18ue85p	1	2/22/Spice_Islands_%28Zanzibar_highlighted%29-ar.svg/960px-Spice_Islands_%28Zanzibar_highlighted%29-ar.svg.png
n0jqvt	3	4/42/N%C3%A9gociant_musulman_de_Mascate.jpg
pjzqcs	3	3/30/%D9%85%D8%A8%D8%A7%D8%B1%D8%B2%D8%A9.jpg
ritl8n	1	0/0c/Wadi_Dawkah.jpg/960px-Wadi_Dawkah.jpg
1bsfzwo	1	a/aa/%D8%B2%D8%A7%D9%88%D9%8A%D8%A9_%D9%85%D9%86_%D8%B2%D9%88%D8%A7%D9%8A%D8%A7_%D9%85%D8%AA%D8%AD%D9%81_%D8%B9%D9%85%D8%A7%D9%86_%D8%B9%D8%A8%D8%B1_%D8%A7%D9%84%D8%B2%D9%85%D8%A7%D9%86.png/960px-%D8%B2%D8%A7%D9%88%D9%8A%D8%A9_%D9%85%D9%86_%D8%B2%D9%88%D8%A7%D9%8A%D8%A7_%D9%85%D8%AA%D8%AD%D9%81_%D8%B9%D9%85%D8%A7%D9%86_%D8%B9%D8%A8%D8%B1_%D8%A7%D9%84%D8%B2%D9%85%D8%A7%D9%86.png
12q3mcm	1	2/2b/Aft_view_Thistlegorm.jpg/960px-Aft_view_Thistlegorm.jpg
1merv16	3	6/6c/Necip_pasha.jpg
h5uzko	1	c/cc/SubmergedEgyptianHarbour_TyreSour_Lebanon_RomanDeckert04112019.jpg/960px-SubmergedEgyptianHarbour_TyreSour_Lebanon_RomanDeckert04112019.jpg
1ui7xz1	1	c/c2/Ankara_2016_genel_kolaj%C4%B1.jpg/960px-Ankara_2016_genel_kolaj%C4%B1.jpg
maj2ih	3	a/a7/New_Turkish_Lira-set.jpg
1rx7x8q	1	4/4f/Modern_Istanbul_skyline.jpg/960px-Modern_Istanbul_skyline.jpg
stidc4	1	7/76/Bosphorus_Bridge.jpg/960px-Bosphorus_Bridge.jpg
ough39	1	2/22/Hagia_Sophia_Mars_2013.jpg/960px-Hagia_Sophia_Mars_2013.jpg
m7qbm3	1	c/ce/Asia-Europe_Meeting_2019.jpg/960px-Asia-Europe_Meeting_2019.jpg
1a1rsh2	3	f/fd/Baklava_sweets_from_Aleppo.jpg
hyxai1	3	a/a8/Ataturk1930s.jpg
1i2qv18	3	2/28/Anna_Christie_1923_film.jpg
1u2t79n	3	0/0e/Sultanvahideddin.jpg
1plgmti	1	6/60/Exterior_of_Topkapi_Palace_%286%29_crop.jpg/960px-Exterior_of_Topkapi_Palace_%286%29_crop.jpg
4tz17l	1	1/1a/%D0%92%D0%BE%D1%80%D0%BE%D1%82%D0%B0_Beyaz%C4%B1t_.jpg/960px-%D0%92%D0%BE%D1%80%D0%BE%D1%82%D0%B0_Beyaz%C4%B1t_.jpg
353z4b	1	f/f7/Istanbul_asv2020-02_img48_Galata_Tower.jpg/960px-Istanbul_asv2020-02_img48_Galata_Tower.jpg
nfdllz	1	5/5a/Acer_cappadocicum.jpg/960px-Acer_cappadocicum.jpg
ph8f2e	1	a/a7/Black_Sea_Hare_-_San_Pedro%2C_CA_-_April%2C_2011_-_K_C_Gass_photo.jpg/960px-Black_Sea_Hare_-_San_Pedro%2C_CA_-_April%2C_2011_-_K_C_Gass_photo.jpg
1clulgl	3	c/cd/Taybi_Ovasi_K%C4%B1z%C4%B1l%C4%B1rmak.jpg
nic8a1	3	2/28/Ararat-Location.png
112tpqz	1	6/6f/STS079-781-53.jpg/960px-STS079-781-53.jpg
zvzk8y	1	e/e2/Walls_of_Troy_%282%29.jpg/960px-Walls_of_Troy_%282%29.jpg
q3dkzt	1	8/84/Ephesus_Celsus_Library_Fa%C3%A7ade.jpg/960px-Ephesus_Celsus_Library_Fa%C3%A7ade.jpg
14sqzoz	1	d/d5/G%C3%B6bekli_Tepe%2C_Urfa.jpg/960px-G%C3%B6bekli_Tepe%2C_Urfa.jpg
atla23	1	4/47/2010_satellite_picture_of_the_Sea_of_Marmara.jpg/960px-2010_satellite_picture_of_the_Sea_of_Marmara.jpg
1jpd64i	1	5/50/Berlin_Brandenburg_Airport_Turkish_Airlines_Airbus_A350-941_TC-LGJ_%28DSC01105%29.jpg/960px-Berlin_Brandenburg_Airport_Turkish_Airlines_Airbus_A350-941_TC-LGJ_%28DSC01105%29.jpg
1kcfvrm	1	9/98/%D8%AF%D9%88%D8%B1%D8%A7%D9%86_%D8%A7%D9%84%D8%AF%D8%B1%D8%A7%D9%88%D9%8A%D8%B4.jpg/960px-%D8%AF%D9%88%D8%B1%D8%A7%D9%86_%D8%A7%D9%84%D8%AF%D8%B1%D8%A7%D9%88%D9%8A%D8%B4.jpg
1oxv5it	3	e/ea/%D9%85%D9%88%D9%84%D8%A7%D9%86%D8%A7_%D8%A7%D8%AB%D8%B1_%D8%AD%D8%B3%DB%8C%D9%86_%D8%A8%D9%87%D8%B2%D8%A7%D8%AF_%28cropped%29.jpg
1fdq5z1	3	0/0c/Fatih_Sultan_Mehmed_Han_-_%D8%A7%D9%84%D8%B3%D9%84%D8%B7%D8%A7%D9%86_%D9%85%D8%AD%D9%85%D8%AF_%D8%AE%D8%A7%D9%86_%D8%A7%D9%84%D9%81%D8%A7%D8%AA%D8%AD.jpg
13ki4kl	1	e/ea/%C4%B0shak_Pa%C5%9Fa_Saray%C4%B1_VOA.webp/960px-%C4%B0shak_Pa%C5%9Fa_Saray%C4%B1_VOA.webp
ook5mj	1	f/fc/1915_%C3%87anakkale_Bridge_20220327.jpg/960px-1915_%C3%87anakkale_Bridge_20220327.jpg
1xlfola	3	c/ce/The_Mesopotamian_Campaign%2C_1916-1918_Q25171.jpg
imzyyj	1	8/8c/Istanbul_-_S%C3%BCleymaniye_camii_-_Foto_G._Dall%27Orto_26-5-2006_-_00.jpg/960px-Istanbul_-_S%C3%BCleymaniye_camii_-_Foto_G._Dall%27Orto_26-5-2006_-_00.jpg
18q43be	1	f/f0/Be%C5%9Fikta%C5%9F_footballteam_photo_%28November_2017%29.jpg/960px-Be%C5%9Fikta%C5%9F_footballteam_photo_%28November_2017%29.jpg
l6xmji	1	c/c2/07i6f_Fahnen_Fu%C3%9Fballvereine_Galatasaray_Istanbul%2C_Be%C5%9Fikta%C5%9F_JK_und_Fenerbah%C3%A7e_Spor_Kul%C3%BCb%C3%BC%2C_Proteste_in_der_T%C3%BCrkei_2013.jpg/960px-07i6f_Fahnen_Fu%C3%9Fballvereine_Galatasaray_Istanbul%2C_Be%C5%9Fikta%C5%9F_JK_und_Fenerbah%C3%A7e_Spor_Kul%C3%BCb%C3%BC%2C_Proteste_in_der_T%C3%BCrkei_2013.jpg
1g1kk06	3	6/61/Galatasaaray_5_Stars.png
99nnid	1	3/39/T%C3%BCrk_Kurtulu%C5%9F_Sava%C5%9F%C4%B1%2C_Ankara_H%C3%BCk%C3%BCmetine_Yard%C4%B1m_Eden_%C3%9Clkeler.png/960px-T%C3%BCrk_Kurtulu%C5%9F_Sava%C5%9F%C4%B1%2C_Ankara_H%C3%BCk%C3%BCmetine_Yard%C4%B1m_Eden_%C3%9Clkeler.png
10b3vcx	1	f/ff/Musem_Of_Anatolian_Civilisations_Ankara.JPG/960px-Musem_Of_Anatolian_Civilisations_Ankara.JPG
19y4l6t	1	b/b3/Ankara_asv2021-10_img04_An%C4%B1tkabir.jpg/960px-Ankara_asv2021-10_img04_An%C4%B1tkabir.jpg
16lm52y	1	6/6f/%C3%87atalh%C3%B6y%C3%BCk_after_the_first_excavations_by_James_Mellaart_and_his_team..jpg/960px-%C3%87atalh%C3%B6y%C3%BCk_after_the_first_excavations_by_James_Mellaart_and_his_team..jpg
1ih0wee	1	d/d1/Hattusha_the_Hittite_Capital-110995.jpg/960px-Hattusha_the_Hittite_Capital-110995.jpg
efu90v	3	c/cc/%D8%A7%D9%84%D8%AD%D9%85%D8%A7%D9%85_%D8%A7%D9%84%D8%AA%D8%B1%D9%83%D9%8A_%D9%81%D9%8A_%D8%A7%D9%84%D8%A8%D9%84%D8%AF%D8%A9_%D8%A7%D9%84%D9%82%D8%AF%D9%8A%D9%85%D8%A9.jpg
12b004n	3	3/38/Lake_Tuz.jpg
1qeuv4a	1	c/c6/Marmaraytwotunnel.JPG/960px-Marmaraytwotunnel.JPG
1l9lt5l	1	2/2c/Kebab.jpg/960px-Kebab.jpg
z50l1s	1	c/cd/Bursa_Kalesi_1.jpg/960px-Bursa_Kalesi_1.jpg
xlk41g	1	6/6e/Istanbul_beaches-_Sea_of_Marmara_-_Tourism_in_Turkey_16.jpg/960px-Istanbul_beaches-_Sea_of_Marmara_-_Tourism_in_Turkey_16.jpg
otwlmg	1	5/5d/E%C5%9Frefo%C4%9Fullar%C4%B1_Beyli%C4%9Fi%27nin_konumu-ar.png/960px-E%C5%9Frefo%C4%9Fullar%C4%B1_Beyli%C4%9Fi%27nin_konumu-ar.png
a4bxpp	1	a/a7/Karaburun_at_Turkey_Geo.jpg/960px-Karaburun_at_Turkey_Geo.jpg
1qwnvoj	1	8/8d/Reservoir-in-Taurus-Mountains.jpg/960px-Reservoir-in-Taurus-Mountains.jpg
tp84mr	1	8/85/East_Black_Sea_Region.png/960px-East_Black_Sea_Region.png
1qt2s2t	1	e/e4/Riesa-Elbansicht.jpg/960px-Riesa-Elbansicht.jpg
bfrywb	1	6/6b/Kalyon_Arena_%28Gaziantep%29.jpg/960px-Kalyon_Arena_%28Gaziantep%29.jpg
qxjpc3	1	1/1a/Konya_City_Collage.jpg/960px-Konya_City_Collage.jpg
myjeeo	1	4/47/2010_satellite_picture_of_the_Sea_of_Marmara.jpg/960px-2010_satellite_picture_of_the_Sea_of_Marmara.jpg
l2ic52	1	6/6e/Istanbul_beaches-_Sea_of_Marmara_-_Tourism_in_Turkey_16.jpg/960px-Istanbul_beaches-_Sea_of_Marmara_-_Tourism_in_Turkey_16.jpg
3vs1bm	3	0/0c/Bursa_Sehir_Tanitimi.jpg
100e2hh	1	a/a7/Black_Sea_Hare_-_San_Pedro%2C_CA_-_April%2C_2011_-_K_C_Gass_photo.jpg/960px-Black_Sea_Hare_-_San_Pedro%2C_CA_-_April%2C_2011_-_K_C_Gass_photo.jpg
13h2pwh	1	1/14/S%C3%BCmela_Manast%C4%B1r.jpg/960px-S%C3%BCmela_Manast%C4%B1r.jpg
g81q7k	1	5/55/Adana_kebab.jpg/960px-Adana_kebab.jpg
1l2dd3x	1	0/08/Fethiye%27den_bir_g%C3%B6r%C3%BCn%C3%BCm.jpg/960px-Fethiye%27den_bir_g%C3%B6r%C3%BCn%C3%BCm.jpg
1rwo35i	3	8/84/Bodrum.collage.png
tjjsj	1	8/8d/Reservoir-in-Taurus-Mountains.jpg/960px-Reservoir-in-Taurus-Mountains.jpg
fenvzw	1	8/8d/Reservoir-in-Taurus-Mountains.jpg/960px-Reservoir-in-Taurus-Mountains.jpg
ru0k09	3	e/e6/Dioecesis_Orientis_400_AD.png
m9eugh	3	b/b5/Kekova_by_Piri_Reis.jpg
102e3k0	1	4/4e/Mersin_harbor_from_the_west.jpg/960px-Mersin_harbor_from_the_west.jpg
1xamtoq	1	6/69/Mardin%2C_Mardin_Merkez-Mardin%2C_Turkey_-_panoramio_%281%29.jpg/960px-Mardin%2C_Mardin_Merkez-Mardin%2C_Turkey_-_panoramio_%281%29.jpg
1x0fd9r	1	0/02/Enterance_to_the_tomb_of_Hagai_IMG_3392.JPG/960px-Enterance_to_the_tomb_of_Hagai_IMG_3392.JPG
1kecctb	1	1/10/Rizvaniye_Mosque_03.jpg/960px-Rizvaniye_Mosque_03.jpg
nbp2cy	3	4/4c/Erzurum555.jpg
1ys778k	1	a/ab/Uludag.JPG/960px-Uludag.JPG
hkdq84	1	a/a7/Karaburun_at_Turkey_Geo.jpg/960px-Karaburun_at_Turkey_Geo.jpg
1ma5ioh	1	1/1a/Konya_City_Collage.jpg/960px-Konya_City_Collage.jpg
m2yivj	1	0/0c/Yalova_Seaside.JPG/960px-Yalova_Seaside.JPG
1b29ppx	1	4/4f/Modern_Istanbul_skyline.jpg/960px-Modern_Istanbul_skyline.jpg
vj4o0q	3	3/38/Lake_Tuz.jpg
11661ld	1	e/e4/Nemrut_Vulcano.jpg/960px-Nemrut_Vulcano.jpg
3tx965	3	0/07/Nimrod02.jpg
g823a5	1	8/8d/Reservoir-in-Taurus-Mountains.jpg/960px-Reservoir-in-Taurus-Mountains.jpg
xo40dz	3	4/43/Iraqi_city-Euphrates_river.jpg
1gvyaye	1	0/08/Landsat_ataturk_24aug02_57m.jpg/960px-Landsat_ataturk_24aug02_57m.jpg
urt3wx	1	5/5e/GapLocationTurkey.PNG/960px-GapLocationTurkey.PNG
gfqqsq	3	2/24/Mercator-Hondius_%281634%29_Ottoman_Empire.jpg
k5sr7z	1	8/86/Doha_skyline_in_the_morning_%2812544910974%29.jpg/960px-Doha_skyline_in_the_morning_%2812544910974%29.jpg
j44t1e	3	9/97/Kuwait_montage.png
od1bfn	1	a/a4/QAT001.JPG/960px-QAT001.JPG
11ubc4x	3	0/0f/KWD_against_USD_ar.PNG
gdapnn	1	3/30/Salman_bin_Abdull_aziz_December_9%2C_2013.jpg/960px-Salman_bin_Abdull_aziz_December_9%2C_2013.jpg
1cxbwfk	1	b/be/PersianGulf_vue_satellite_du_golfe_persique.jpg/960px-PersianGulf_vue_satellite_du_golfe_persique.jpg
wu0y6z	1	a/ab/Oil_platform_P-51_%28Brazil%29.jpg/960px-Oil_platform_P-51_%28Brazil%29.jpg
z1dwp2	1	a/af/Arabic_speaking_world.svg/960px-Arabic_speaking_world.svg.png
secz3b	1	1/1c/Masmak.JPG/960px-Masmak.JPG
cbjd8a	3	5/5c/AL2011.png
1eg48zs	1	0/02/Nizwa_Fort_Detail.JPG/960px-Nizwa_Fort_Detail.JPG
1cdeuef	1	5/59/Qatar_diplomatic_crisis.svg/960px-Qatar_diplomatic_crisis.svg.png
16w73ag	4	ar/thumb/6/65/%D8%A8%D8%B1%D8%AC_%D8%AE%D9%84%D9%8A%D9%81%D8%A9.jpg/960px-%D8%A8%D8%B1%D8%AC_%D8%AE%D9%84%D9%8A%D9%81%D8%A9.jpg
1mih0pu	1	c/cb/King_Fahd_Causeway_bridge_num4.jpg/960px-King_Fahd_Causeway_bridge_num4.jpg
1chg2jg	1	5/58/%D8%AA%D8%A7%D8%A8%D8%B4_%D8%A2%D9%81%D8%AA%D8%A7%D8%A8_%D8%A7%D8%B2_%D8%A8%DB%8C%D9%86_%D8%A7%D8%A8%D8%B1%D9%87%D8%A7_-_panoramio.jpg/960px-%D8%AA%D8%A7%D8%A8%D8%B4_%D8%A2%D9%81%D8%AA%D8%A7%D8%A8_%D8%A7%D8%B2_%D8%A8%DB%8C%D9%86_%D8%A7%D8%A8%D8%B1%D9%87%D8%A7_-_panoramio.jpg
19tek9w	1	d/d6/Bahrain_Pearling_License_1942.jpg/960px-Bahrain_Pearling_License_1942.jpg
o3my1z	1	f/f2/Bahrain_World_trade_Center_.jpg/960px-Bahrain_World_trade_Center_.jpg
1g37fst	1	0/00/Dubai_Airport.jpg/960px-Dubai_Airport.jpg
1b6y2q2	1	2/2f/9K-ANB%40LHR_27AUG13_%2811350678415%29.jpg/960px-9K-ANB%40LHR_27AUG13_%2811350678415%29.jpg
7lgun6	1	2/20/Rosa_%27About_Face%27.JPG/960px-Rosa_%27About_Face%27.JPG
yljt2h	3	9/9d/Mohammed_Al-Arefe.jpg
wafkl	3	7/70/MuscatGulfCup1.jpg
o82frq	3	5/5c/AL2011.png
106ih6b	1	8/8e/Opec_Organization_of_the_Petroleum_Exporting_Countries_countries_2006.png/960px-Opec_Organization_of_the_Petroleum_Exporting_Countries_countries_2006.png
1gbo7vn	3	b/b5/Unified_Military_Command_of_the_Gulf_Cooperation_Council.png
s4aex0	1	e/e7/Arabian_Peninsula_%28no_borders%29.svg/960px-Arabian_Peninsula_%28no_borders%29.svg.png
1btpcvh	1	d/dd/26th_December_2019_solar_eclipse_as_viewed_in_Kuwait.jpg/960px-26th_December_2019_solar_eclipse_as_viewed_in_Kuwait.jpg
16kx6vb	1	a/a5/Port_Jebel_Ali_on_1_May_2007_Pict_1.jpg/960px-Port_Jebel_Ali_on_1_May_2007_Pict_1.jpg
1hmmulz	1	8/89/Former_Saudi-Kuwaiti_Neutral_Zone_ar.svg/960px-Former_Saudi-Kuwaiti_Neutral_Zone_ar.svg.png
17v336r	1	b/b6/%D8%B4%D8%A7%D8%B7%D8%A6_%D8%B1%D8%A7%D8%B3_%D8%AA%D9%86%D9%88%D8%B1%D8%A9.jpg/960px-%D8%B4%D8%A7%D8%B7%D8%A6_%D8%B1%D8%A7%D8%B3_%D8%AA%D9%86%D9%88%D8%B1%D8%A9.jpg
xj5wvt	3	5/52/QSL_MP4TAF_%281969%29.jpg
1vtf629	1	d/d9/1971_Instrument_of_Surrender_WaPo.jpg/960px-1971_Instrument_of_Surrender_WaPo.jpg
ai470r	1	b/be/PersianGulf_vue_satellite_du_golfe_persique.jpg/960px-PersianGulf_vue_satellite_du_golfe_persique.jpg
14u8b9o	3	9/90/Beren_Saat_17.4.15.jpg
pi6cmv	3	0/0b/King_saud_university_entrance.jpg
1h901iu	3	7/7b/Eastbound_over_SCB.jpg
j8z7pd	1	4/4c/Kabsa.jpg/960px-Kabsa.jpg
